uid,label,pred,prob_ai
6a5da51e6447ee623a8b8926172a18e5,0,0,1.4810813e-05
c43f5cd4551979910dd9576691e121c4,0,0,7.819443e-06
b8b40727b2af56f065780eff49ec42f5,0,0,4.777527e-05
e8ac9ffc6c034b23bf59486be6ab94c4,1,1,0.9998938
cdb49cce273a46887ac3f7fe680816c0,1,1,0.99985397
3a15c1dc3f2851434d975770b8612419,1,1,0.9999676
bc257fd56b153cec6931ee3054b15eb9,0,0,1.1407604e-05
73f1cdc9790d4c192b6af92d9ce8ad1b,0,0,1.4758588e-05
ed781802c27a48e5152b4f57bcd9dbe2,0,0,3.5909383e-05
3df996c932d4f9478177cb7932bf33fc,1,1,0.9999213
115c62ad9d987ab92fca0b9344ed0c3b,1,1,0.9995813
d9e0cb6206e4c6a8e90e7d1d95d6a56b,0,0,0.0007405254
4c403103d5c10260e44cccfdc68b5526,1,1,0.9999838
a7b493cbfd710d02d87e399de4ceaab5,1,1,0.9999615
becea0a0761e5d2fd86c9ff3583fb38c,0,0,7.47791e-05
3d7b380a65989132fff69ad34c9791d1,1,1,0.9999763
ace4cb66f81249f79e54ba323a7a5131,1,1,0.9999366
b7d3d4e42d28900e36cf333edffde618,1,1,0.99314076
581fb58df2385ac7d3df85e1bbd0eba8,0,0,7.306504e-06
3910992433d0c66bd5246e5e02b9482f,1,1,0.9999391
6487136b428eed4b9feb85b6858ce21c,1,1,0.9998969
700cd90e10386027a39eb169cf602bb0,0,0,1.2371364e-05
8f046ef7bee4146f2d4968588e009c09,1,1,0.9999808
ad53d553cf3736b6e4ed0058949e1851,0,0,2.0151148e-05
fef8d08096a2901e45a30b86b13be4e2,0,0,1.5792242e-05
63b4af1b6bdb29af425d486ffd3dd8ab,1,1,0.99998295
3292759e8cb787971862ff4c559852d1,0,0,9.391815e-06
73f3be3a003adbede9206ac54d589cc4,0,0,8.7744165e-06
e07029df1756af4e1dde2f4c5d839412,1,1,0.9999349
70305a0c5aabca65ee97a6acb182f447,0,0,0.030879078
7f986d9954c1f4bfe56794d37e57b7c5,0,0,2.5185927e-05
ce18ea755b2e29c3015208e6eedcfd22,1,1,0.99998105
1d68a94e23960d61100d254f4c1a38e8,0,0,1.9884197e-05
200c5ffd3c012dd95fadb16470a3a0a1,1,1,0.9999746
85e91c43369d0d0c803991ea3f6256ed,1,1,0.99997914
64efd85aded0c4f3c161470f212a34bf,0,0,0.0002117589
274f385cf89de6c8ed03129f8c16bff5,1,1,0.99996746
b8eaeae5aa3c66ee1596524dd9caaaa7,1,1,0.9999696
459efe5aa2df4a743aa89c99e8de2387,1,1,0.9999387
ef110601ad11dcb960fc271940a4e61d,1,1,0.99997103
25c3fd608d4b8a0f0d6d37c4235b2a62,1,1,0.9999672
4469b5acf0db0534fcc1b41773ab8bdd,1,1,0.9684381
1aeaa58a20d213d5e640b128f0c9ee52,1,1,0.9998913
f63218e16affee2bfb26e9fb03a46ed2,0,0,0.0022351544
7f0829fc3600733fb914d0f6106b48aa,1,1,0.9998079
f6fb808b370a62101c27ee5bbe135392,0,0,1.1734537e-05
5c69fb6edc3726b54564d554b9b28868,0,0,1.9489795e-05
da9e7e5cd3dc8af277ed7f5bb7e84cf2,0,0,8.959386e-06
62dac45317a4391b7f101c9e2b4f4fdf,0,0,1.547261e-05
80b5d6b77784414b26203072b0434be0,0,0,6.551991e-05
6f329957e370b1c580c76649026e2c9a,0,0,1.1228543e-05
1d02d9c5cdccbf4666f97ccdf2bfdeb9,1,1,0.9999653
1af47743602b9492d9267bd484f9565b,1,1,0.99997306
666936887251334c8e95344982498e4c,1,1,0.99997246
5004e7315341d55d565b5640c7be0dcf,0,0,0.00010466917
b36d54b5a1371b71f901b9f8b8c6e92f,1,1,0.99996305
9db2387387fb9413db2aea50972cf2e7,0,0,1.8567074e-05
0af50e077ab2e64a1003b335eb949d1e,0,0,0.00011628756
21533c1421b29f2c5de8641c90a7cb01,0,0,0.00014628965
684cbaf986fc18c9d4cf25013ef06e06,1,1,0.9873009
f5c5030f4ad0b46ca7f19effccc2069e,0,0,5.064718e-05
b6118a9132e181a32f37b6eccdba875b,1,1,0.9999685
99b353714178b4d6580b243b75a02bcd,1,1,0.999946
73a6e18f1cf15554e3a150886a9552fc,1,1,0.99995613
aee8b0c10bf229ed1a68de2165ba6111,1,1,0.99996316
b94db83f75b5e4c699bd8ec36e594032,1,1,0.999948
b19066f51c0f29fad5ff53018784ceae,1,1,0.9998141
d70b6f648d386acd8c4303e9d86c3322,1,1,0.9999596
879e61dae461c679b4d294965447e5e3,1,1,0.99997437
44d77fbda8cab285dbd38db6c56b7f50,0,0,1.7245053e-05
964744e848bc8075c0e6472bcf4bba62,0,0,2.3448405e-05
402976b94f296bb158e51fbab6fcc3e0,0,0,8.417669e-06
90d2e35b871bbb069b86140d843caa4d,1,1,0.9998288
5727bb6e88a007ca7cfd34217b07a6f5,1,1,0.9999349
79df9c988e381afc376266c84df7ae66,0,0,9.547086e-06
a90f5e021c680c5ddc61032bd70ed5ac,1,1,0.9999511
239b187d4c6eeccec7f473c9eb12b376,1,1,0.99996734
cc8794096bdca4f5c2ea486dfefb29c4,0,0,2.6734104e-05
09dc0fd602da4d2d5850d7a4c4480477,1,1,0.99995935
4bc0b6ab4be8de645a9143f4d21059ef,1,1,0.9999145
0d43520ad20c980941911208d80eca6e,0,0,1.8803677e-05
6af38be80b9fb4a393df4046de5590a9,1,0,0.0053082155
7a715197bcc721ff99cda26d85da45d3,0,0,3.5374294e-05
b1a75f3a22e10f8c8de442e80836f5f3,0,0,1.6492546e-05
ac7c98956528539c12c7dd21a6272887,1,1,0.99997854
654ec025c955654f46fe100b4e5ce2da,1,1,0.9999286
386b75c540bd454608c97f6de900e525,0,0,8.157488e-06
a2285e93785cb0c39750c7adfcb203a7,0,0,1.014664e-05
9bb2c2f67fad364febbc768b51001f78,1,1,0.99960977
d3f58334ff45df31bae9f73922ad5909,1,1,0.99994695
74b4054609242574e721179afa7f47c1,1,1,0.9999609
901e3d5b13356102cfbedae6380edb85,0,0,1.4817906e-05
29b35ac11c1c43c1a446ca35aafbee12,1,1,0.9999591
82dcded4932484af32208da387d761b9,0,0,9.028475e-06
737124379bb2049c0a89cf55cde2531c,0,0,9.668691e-06
20ef53228b7c2edabcc450a9f987c811,0,0,7.763945e-06
edf801ec1d004e0730e0c5c373bc4313,1,1,0.9999174
a872423ca8eda69847c4eb10a910d5c9,1,1,0.9999726
8f5619d716cfff5fe2dd58176938a292,1,1,0.99996495
dc49d50521401f77c52622a25d578a3a,1,1,0.9998547
8e98a3eaddfe52d5032a81e1b54b221c,1,1,0.9999567
ec067be13199091265ca5f4e00532cc4,0,0,8.417139e-06
ce2ad4d0dfa05dd2fe94b461459c0d4a,0,0,0.00016198386
54b1353990d78fcd03c929bca2cb9e8b,1,1,0.99997115
38cca3b0d074142919149f9403c7c6e8,0,0,1.8053577e-05
645ac69e95520fb0204e29cc5d750d9f,0,0,1.07619335e-05
5b1f6d531d8791dbb88c39bea0406fc5,0,0,0.00025067077
936c934cee7161dd7846951455012029,0,0,9.660654e-06
5bbe8e95ec08866b1d69bb0832f2e990,1,1,0.9999634
64d5e7a820a8a7828f0c1932b8ac6cc9,0,0,3.3218974e-05
cfc12364a4e039be7689796264c70a5b,1,1,0.9993605
7d837624526cf3f207520d7634c98404,0,0,3.0037369e-05
2382a9a8cc9de3a156ad4f62a3bcd86b,1,1,0.9999454
27b6dc6f6f9d0515a4fd0155d9f6f14c,1,1,0.9999666
47db62f650df9e684169fd3a229485d1,0,0,3.0872543e-05
cf9c480d98e2ec2252c3e7360d615371,1,1,0.99970263
98286a4a599ede9b0174de169ec05635,1,1,0.9997789
366bf1253c8ed40e1c44d3ec34a24e7b,0,0,0.0067255944
3bdff1d937b5a0949e226922fee75f9a,1,1,0.999936
9bc0fd715f267a2b3cc638fe94571cf1,0,0,2.0553212e-05
50503b6a3bd376b5ef01a40849cdcb6b,0,0,1.8005107e-05
e460b2ce90ae3a3dd118db81d149cfe3,0,0,0.0009040866
8a635ae0fa1322cef758939721f897b0,1,1,0.9999337
4a57c3cc5aff00239187dc2fd9086618,0,0,7.5144617e-06
491eda048c7677425f6a0e7a760fdd87,0,0,1.2415001e-05
f273c194aaea5c8fc426ec0322cf9018,1,1,0.99793077
ddbfa3c01e9a462bf8d073a89131ac28,0,0,1.9667692e-05
7b4fc46f6dd3efa466feb8d4d70b1bb3,1,1,0.9999795
5b87f14e112f693b14fa719339df0c7a,0,0,8.807566e-06
22d250167c792941d0e7bbc0f2e5073c,0,0,0.0003232774
f57446e7fdd98b1cdb03df4716161cd8,0,0,7.159672e-06
e82ee9e6f099c208ca60a17d8a1c312f,1,1,0.9999417
94495e9c04c90779262919b4de19de53,1,1,0.75417334
6a2527a7bf2acb6bdbd01088c9aacc19,0,0,0.10399118
ab0340346c6f1da97f97b28161c9a9eb,0,0,6.660993e-06
72860a7b64324443dc46c7f932266c8a,1,1,0.99995315
dfdf8aa0de900b02765c6d19003782b6,1,1,0.999856
0353c837a1d0aed3ba4fd4ea150916f0,1,1,0.9995333
5d5b069d947a2618a5277a0f0966f979,1,1,0.9370791
4f7a94825cfddf0256406efed6818adc,0,0,1.7216496e-05
bd968f5160cd16775c414805f94b048f,1,1,0.9999788
e43389589c9b315ccfc2d48e89460b22,0,0,0.030205114
cc75be3f2e18c6d526b8868f2015b309,0,0,0.00069090584
00225af87ac4c9e11a6efd024e1c6fd6,0,0,9.844354e-06
c3899386477647f5f03cd20d56ca0210,0,0,2.2265116e-05
709bd597fb5dae536d95951b90f02ee6,1,1,0.97069824
a909e1c7bab90035b7546c9a13c45819,1,1,0.9999119
02959f11ec6220764db63e76aefe9043,0,0,7.4790146e-06
7e6e05fc69cfccaebf6bcb3c1ae8d86e,0,0,9.065402e-06
96bd3adeff1d9a719fc9be08651eb0c3,1,1,0.9999645
c7768438da11dcc70298c28d6447894b,1,1,0.9998084
118bfed14a7431f333e2e57514231835,1,1,0.999969
139ad05f2abb73ee4dcd46ed22b60ca1,0,0,2.2142724e-05
c79c7a6939cfcfd0a660f397733fc140,1,1,0.9999496
1d327f073db5a46f6107ecb566ed6a24,1,1,0.99996006
69c410de1c67850d52e0e176c9eba8b5,1,1,0.99863833
a74916224453cafd58af58677362d383,0,0,1.0818921e-05
bbbba05b359e1dbfbc641725b7ea0da8,0,1,0.5354921
2aead5375c921e17bbd6950372f5a157,1,1,0.99995697
93aa07ee05883d62938cc5f90772cfce,1,1,0.99996805
c761cb765a7578d0f8e832bce378344e,0,0,2.1967544e-05
5d1ea0d266e2a282cf3de6e7463f7f83,0,0,3.000027e-05
441f9fe5424cccee98be456b2f72fe65,1,1,0.99993503
4840b9946ea3741ed2f6053fa52f1458,0,0,8.748632e-05
d379d7d3026ce91d7ba0ecdc885a4edc,1,1,0.99995875
d2a27c3c30dcd358f0f2e2cdd89447de,1,1,0.9999416
ee77b5263ca4645d8de996f445e99d26,1,1,0.9999825
abf106d15bb54e645b0e6f524a7f929d,0,0,9.343574e-06
23adbcb0f3531247169d1f239e349be5,1,1,0.9999753
e7770c9a7c96acd80564a8250dfc2354,1,1,0.99997485
145f93c342c3912a73aafc0d92855dcf,1,1,0.9999658
7bab58099d496f95ecdcaf8051e8a66e,0,0,4.256945e-05
91db4b0aa50a827eb6cb4cd0cb5c7b83,1,1,0.99997354
ad8e066b2127fbf3881480e3d59abc26,1,1,0.99997485
6aaaf025051ad03add92d1476a6e7fd2,1,1,0.9999709
fb90bec9c6a7d63d84bd5343b5ae3c6e,1,1,0.9998128
21a25be55b2d76f78ea153b17079f432,0,0,3.5446494e-05
7b9539f652068be2b0f98d84012562ae,0,0,1.5185276e-05
29b5b96d577bccac386816d0527b98fc,1,1,0.9999769
d93220f99d1baead61f3252cec55d984,0,0,1.4862457e-05
accf7c7ef422391c846b8c62b8dfa128,1,1,0.9999522
35f5af096b7ca7616222b3cea9cafe82,1,1,0.9999801
fd6f6eccb0b0121ed8d22af6ac38f49e,0,0,1.3411683e-05
44f8b4e1506b81320638d3790c31c519,0,0,1.08680315e-05
1d1e16703c19caee343f52d3be6b1f76,0,0,6.7860046e-06
38811ac3c3388e035c2d04d847324e92,0,0,1.0037404e-05
5f02b14dbd407c949eb69805086ee647,0,0,2.93782e-05
0da11d5bb4bdad41e5a5980d26964403,1,1,0.99996996
dab1bcf873dac798ffc590443c0e76b7,0,0,1.5938018e-05
4330cb44a2557933827c3b0dc16e190e,1,1,0.9999145
24e132e36ea698965100a3e86d0b2d46,0,0,3.3284592e-05
d67490a419498cfae27e06ecf25eb950,0,0,3.0661995e-05
439875e11ff01cc975a84f1737a38d49,0,0,9.504461e-06
9a3eedeb5e404fe7d0ff91663baaadb6,1,1,0.99994457
308b60649a37e2718e166d858b767670,1,1,0.9999825
3513de8afff9de0a9474e2455cfa455e,1,1,0.9999074
a4b4ee7a317612c6ac5c29d78d800f12,1,1,0.9999242
e0c116df5ab2767ddc0cecc3ac1bbf50,1,1,0.9999713
5c7915e583a4781a3b46610039954743,1,1,0.99946254
bf33b70b55a34ac64072878719390d68,1,1,0.9999496
9a6b2986ec749172fd46abb3da84ea3b,0,0,8.81686e-06
ab29d5e085ee91462d58e891c7f17433,1,1,0.99996233
0a3e83dbcac90ee35bd10429cc5b1353,0,0,2.533318e-05
43fe6185585694cee35b76b4f40eea80,1,1,0.99994457
278c20699ff1218b9880405cecb8f8d4,0,0,4.714639e-05
871c248baec40e72dc4365093caafc00,1,1,0.99951756
91da470be9ee6d5b2a134b03591e693c,1,1,0.99997437
7d3cd5a4a843178d8424250fc229cae2,1,1,0.99996054
4166a77537a62f4a6bcb05278a64d18e,1,1,0.99998033
ee832436782bcc2d3d966e2aa3c5fbcf,1,1,0.9999747
338ff239c8c686869179a2acf3bb1a47,1,1,0.999956
0a49dfb3bf8b87f8ad7cbd97f2c4a289,1,1,0.99964976
3ee8cc9bdde8351f982d1c22aaebbecd,1,1,0.99994826
065ac48a52f1acc8784d4c599fd85d97,0,0,1.5324791e-05
3dff584b89e8f3c9bc28fa6680a337f8,0,0,4.2202435e-05
6359e5ec35b7e2f5514c0c1af946784e,0,0,1.1665936e-05
e512a1ac664ac6f2c16679d1686d5c7a,1,1,0.99997663
3578bed611624db4f7e85d1c86107865,0,0,7.580884e-06
a9cccb64a800e5031a58cfbb78dc49da,0,0,0.00012518153
5f8dbabd095413b621438e95f0027630,0,0,1.3502366e-05
34cf93867729b12b3b73b89cee64c0f7,1,1,0.9999691
2ccbc7ed9ec3b5532d0cfc16cdb0a50c,1,1,0.9999598
4711717d9eb0ddf13314272fb6eba8db,0,0,1.1007827e-05
ddfe6b787e5078e9781361dc14b47bde,0,0,8.006243e-06
50bba90a9475e07b3678d95034106c31,1,1,0.9985965
a77727c9fadd102f041905904ae92bef,1,1,0.99997294
0062f81efa662ea6aa8d313a5d4f6fcc,0,0,0.2045032
2f3701bd5d10054fe875bf1b1d8440a6,0,0,7.211997e-05
08f1862a10a78cdf93a74b1a15681e46,1,1,0.99997616
ba7f0fa36c1482f6cfa3b72f3eaad8ea,1,1,0.999982
97d91fb2fc204b3c3889389d0f37580e,1,1,0.9878735
7e0259577e123dbc87e23f107f9c74fc,0,0,0.00018887146
b296fbfcc5a6c65ee2d9d9aaa09ca36f,1,1,0.9999616
74b7330b579b86f9d33984b0dcdc0495,1,1,0.9999682
4d55e20c4ea597bc05f2d60048d49bf9,0,0,1.6211174e-05
9db59b75aa9fdfa3d446f77ae3365338,0,0,9.3336035e-05
0722b8f990738e37edb037ccd93e7d51,0,0,7.720196e-05
7ec9d2453291aa0cf7e349979c82793c,1,1,0.99715555
cd270a12f9adbf10a917ccf10bed99f9,1,1,0.9999751
26c83117ad04bc1ae95b58920d83e945,0,0,8.51686e-06
5e5ac2ad117ca14accabc875af5999d2,1,1,0.9997526
86e01b5bf6e80773551e878a0a80b2f7,1,1,0.9999405
67eb828e538855cf5fc067de8c48a87f,1,1,0.99973494
e2dffe336626fbb294f78d8e98252fb7,0,0,1.911703e-05
2c1b82758619ab00e264e063e5a17b30,0,0,1.3616508e-05
4967d6b824b27e76425f0e4456636834,0,0,1.9072722e-05
627ccb9e3738dfeb80a452b5c0014952,0,0,5.4981527e-05
a595056b14d7a2637a1a39cd862cb97c,0,0,2.9378816e-05
c6801a5c59f3486ea793924c130952d0,0,0,0.00045585504
846114d3072b17905935a78d3f3e64ae,1,1,0.99997246
e875bfb9500d8e12b1783a4d0cba9510,1,1,0.9999794
30f588315eba070967101006c2ca98de,1,1,0.99998355
9434b6806683306278f7e5c45973f29d,0,0,0.0067594703
2ad28b8ed638613f5b36bc3476fa5415,1,1,0.999944
f5cb64bb82244cb51ee5b77ce1bb7767,0,0,3.81487e-05
f3d07a1fc87c2411788c16f95b295759,0,0,0.17845464
d8cab7b3e89d8ffdfcbfc3cd952ea93a,1,1,0.99997365
04a235f184401c9f3a3826176a0837c3,0,0,0.037644092
9b9a3181b433179e04f6c671d1ec1438,0,0,1.7896027e-05
4ca0eef95810a0e5a72ca612187ca51d,0,0,1.9557046e-05
60c7725a1b238d14a67792a74e9472d6,0,0,2.7258668e-05
b6c2c21cb288f1f7be5005814dbf5ec4,0,0,1.7425049e-05
80d91983bfb6a7e215249a954b014f17,1,1,0.9998579
77f662a6cbb2d27b03900cad5e1e6341,0,0,2.5985519e-05
009225ad186dba303789e7fd499ebc34,0,0,2.0734726e-05
8164bd560daa9c1fa77109732d3332f2,0,0,0.00029967405
01b55790c92d7d2b10ff0338ae223501,1,1,0.9989557
95e120c0bc2f7b9be06c3b575676bcf6,1,1,0.9999585
daf92538069e1fe77546800f0da9bd55,0,0,0.0018954022
c5b9c3b0157d0abc95d89c3b40850967,0,0,3.249984e-05
15c3a802fb2459b5f743be1e2f85375a,0,0,0.0017118207
d7dd1018387e7626e9da20469abdf3a7,0,0,4.9583246e-05
9513d8dc9e369bd01108fbfe6d6da6da,0,0,7.0606143e-06
8550152e9c90761d5307294984eaafc2,1,1,0.99994576
4506b4d0b1e4c76028ea220acceebfc2,1,1,0.99827516
4bf4f2834e4431f072e91526020a833e,0,0,0.00011662994
1eba95421dffed622a0d7541030aa284,0,0,1.979531e-05
c1dcd1ce889d3241ede012487df6023b,1,1,0.9999199
bd357554db99da90b8d67bc37470ff8c,0,0,0.020843644
6f487262757390ee97f88370a29efb15,1,1,0.9925599
b5060ab11a35307f7a13faa59c3c6962,0,0,4.974019e-05
7939c22aac8aa62d738d1e1d91230b23,1,1,0.99833196
4e8c45d37d9efa12c2bf8e42cfb3bfca,0,0,4.077639e-05
35e7002cc328cb27fbae153395259df2,1,1,0.99992585
54470d754045c060bdb021d1dc9fde98,0,0,1.6730355e-05
7c62f2807ce802e30a993ad0a4cc215e,1,1,0.99993205
37cff39c2a3932455d39668f1d6621b5,1,1,0.99996483
5ed23299a1f4bb50317e0bbeeb21acca,1,1,0.99976987
063b78c563768e3696dbf41fa5452b25,1,1,0.9988105
cf7d6cb3651de7994c13812ed387d949,1,1,0.99998224
8ba8be394ac903ceb10e57eecaa09977,0,0,1.075348e-05
74b3aa73f0bace9d874b012832a2209c,1,1,0.9999727
8340c0f7711399b50ce7c5e32ab366c0,0,0,0.010174569
31f84f3944690d264f6f5b743cb3b629,1,1,0.99996746
19a5e4d31b3572fa3ab39690b894d2bb,0,0,1.3404333e-05
d0167eb2f8353d8eba0cd4698d613c2d,1,1,0.9999461
01812e52fe89f34f040d0ffebb762f76,1,1,0.9998266
4690bcd9cc96fabbdbb442a47a6fae7d,1,1,0.99974436
5c4082e098cdb9f35fc0c7d2d260adf9,1,1,0.9999808
055d7e87314cd75bee45a88852166107,1,1,0.99995303
90be4b3b03df18db8dfd28e058142e46,1,1,0.9999572
a729445f4f58877b6647ddc7f010915c,1,1,0.99991286
6327ef25fc653d3f41a11b5bcd16d642,0,0,1.0491393e-05
3a3dcd1b32cb666be4b93868581fdec1,1,1,0.999471
544aec70b602196291f3ca5b71e0c8f9,1,1,0.9999471
8eec2ddb77d1b34a27ac74f8851bb6f4,1,1,0.99996185
ff6fbf3aa9267bc72fede5de38075273,1,1,0.9999821
36a306a2599d5805784b4591657ac97d,1,1,0.94082654
8eefc25528665588f59324dd86bc7443,1,1,0.9999374
4a9f24ce7ec6611740865ee64a1e588d,1,1,0.9999447
14d2f7d35bd4d2e153b53b6336491a90,1,1,0.9999807
62fadeef0d93eae24258b8d52d4e8925,0,0,1.368403e-05
31b17616172df3a7925cba62c114ec74,1,1,0.99997425
58c4c94947ad71b1f7a9f9b2fc112ebb,1,1,0.9999707
f0fb327e1222045f46b8dcdbfaa84862,0,0,1.6308753e-05
925c6c5a20473e8d5c74f05a643f89df,0,0,7.311321e-06
e533d1d8a6ec1982e0e6b306bd81099f,1,1,0.99997234
458f7d2cfd5c311bde585f097abbf895,1,1,0.9472179
76e4cad655616de4abc3cccc202b8fd1,1,1,0.9999753
7b69ba733bb363faca72616870699564,0,0,2.0851183e-05
6939dd3264b8ec5735d01a19296bbc05,1,1,0.9999385
7a732f413a9298da6e0d4e2981bffad9,1,1,0.9999802
59f718184294615fce740190089d86a8,0,0,7.2235434e-06
df8fc36a7e6d960aebd7b0e243ca1fc7,1,1,0.999926
e0daac22580fe33ee73f8eeca82b62a3,1,1,0.9999777
f689e5f00a60035bc3cb4a2df287cc9b,0,0,2.0150033e-05
7473aec5a894eae90333aacb20d731e0,0,0,1.6135473e-05
98d8187c933933458553fde809d081ec,1,1,0.9999771
28896166c21bbc9d7cd19a26cd199e37,0,0,1.509659e-05
d89a4b88be2265a9aaa9ea0b98758784,1,1,0.9986745
48010e42362bc6a0115a47eacad979b7,1,1,0.9999765
a14a707eca203ca57f3f59d7f4ce7f82,0,0,9.8540295e-06
75f21140d9128c11da87cb574b40e7dc,0,0,9.754917e-06
9f5fd05d76b97a8c01fa5a92fcfc11da,0,0,0.00016362376
a928b195b560dbc84c55050f94ae9cd5,1,1,0.99997723
5f480e8f0feeb2187020b4617e91ba11,1,1,0.999982
09a5ef9aa6219640a01f0fa4129bd244,1,1,0.9999622
66c14ea843def5a9b57249ee6351de8d,0,0,8.749015e-06
d47a2cb21f8bdba31f48317d359dbea1,1,1,0.9999442
5feb69d1521a521130f75b6f71dfdb58,0,0,0.0004601776
e619334cfc2db98b042eb4f2987e6b62,1,1,0.99957675
19dc929d099b134a298336dea135c56b,0,0,3.0313684e-05
3cecf65cef57318d9a7831c77bab7fc3,0,0,1.1215903e-05
0531d1f74c9c9d6a7f3e921fa291a36c,1,1,0.99995935
bdf819b7cdc2b90f765ccdac8e1e9b11,1,0,0.42037916
f540a04441a7b8a7e0aa834413b8f301,1,1,0.99996686
8dfa4852a606941f929fd77bf8144b1a,1,1,0.99997604
c5c0ad3bd1273957a1610841f09d3d50,1,1,0.9999275
35611cbe4c17332f4bd61dd7ab7314a0,0,0,1.7719309e-05
4b68209a8552e35f4119db839d90dc9e,1,1,0.99997854
2d43dc24514c03cf7e50edcc99a88fe8,1,1,0.9999639
aedb79d4c8934f4e5df6efb4c1648f02,0,0,9.691197e-06
010a1c26a680fcbffcc1cc592fad8416,0,0,9.102523e-06
2ac259a9f94d389073eea245b7b6e24e,1,1,0.99243355
812ef7d6a20142846c9db14a60e221c8,0,0,0.021316627
d758fbf69047a54d9484b9aac6c54b49,1,1,0.99977845
c3ee618f2e5ccf93ceb9ee195e0708ba,0,0,7.3469814e-06
cc4108b14f850a6addb9460c2ea92371,0,0,7.805595e-06
a1d6a99ad73e940d2bb10af3920b723d,1,1,0.99997044
cd2a9ebe680268fcd8d0409152ac631a,0,0,7.5200255e-06
3a2a630b9e4655dcb0c4f80da1785692,1,1,0.9999733
8eb36c742b845808e0d687880dfcbb86,0,0,1.8836758e-05
dd890173a5a9e3dff48d575cf3ca3f5d,1,1,0.9999783
735c41b4a9c822134564868b9707593b,0,0,0.0005571367
1a9ac07b08f7d7571a83bc06c61573a2,1,1,0.99995506
f7428385d8fb4df39926ab2996ef94e0,0,0,0.00012882162
e9db6d52fbcfd304d55ce037640dd0f9,0,0,7.280579e-05
a3e46851510aff9eab80ba51df1ea53f,0,0,3.6507074e-05
40ebf7db474d1fd28397843edf278fde,1,1,0.9899442
042441f5b83b4742c79f5671da340daf,0,0,4.9886316e-05
9e0835b74084bdc3c78ade4382fa3fc6,0,0,0.0060821963
5dcdf6a2bf0a92bda712c2cc16de61a7,0,0,7.6085953e-06
2b698dca56924d518117b6c1829dc06c,1,1,0.99979264
ac5fb59e4767996ab64c8c496d7396c3,1,1,0.9999399
709b53de17cef7d1692982c47418bc5e,0,0,1.0990603e-05
2184d4cf94d32c8161d6ff2fade81c3a,0,0,3.1043543e-05
1d1a31f87a04db09a73c2d57c6da682a,0,0,1.1194531e-05
ee615fc5632fb82b326b1cb9be65f941,1,1,0.9999304
0a9bffcd8b3d3f6ef5e9d98bd87469c0,0,0,1.1191264e-05
ab136e1cc12fb02c5af8150b03951f78,0,0,8.9574805e-06
8d7b49c7b786b8c005765db540ee49d5,0,0,1.3792208e-05
4bab79b30f39eec7115e1f797ab5d28e,1,1,0.99998164
9fb1754f6ded1502c4c4384c293c6335,1,1,0.99990356
916a1141bd3550b46a84f08453741d37,1,1,0.9999826
fada546dd06571339b949fb598e70cbc,0,0,8.6616026e-05
b84cec84fad926d68e0c85ab69efd542,1,1,0.99966013
52db7a310bd60ee0eab7d4df95e359ee,1,1,0.99997926
aafda7a6ba000652f122d93700e93426,1,1,0.9999548
db838911641e3544eca6e86d977bfdf9,1,1,0.99992836
09ba7b67880528a925280515a46830c3,1,1,0.9999682
5b2f803fc9ff53781b12471523cee034,1,1,0.9999778
fc8eee1cfbef8aeca7fea5c156e681e3,0,0,0.043483898
21518e7439fb074823eff4f30754af0d,0,0,1.7638418e-05
a75b7bb8e46b3519a4447181d8e220d5,1,1,0.9999683
02c3ee0647795cf166ae4904616f5f15,1,1,0.9999794
0718773e7558abf933a12e3c84eb9830,0,0,8.573127e-05
d1f19580bec143a308c18ff3354bdf1e,0,0,4.4389602e-05
1705e3eef6326769ef57bce42cb8979b,0,0,8.548318e-06
43a3356e12406494c82f36b88545f149,0,0,6.8670756e-06
f39238b9270d00b944458d6294b06d23,1,1,0.9999732
f761f64dac5e175a04c6c271a9997238,1,1,0.9999541
f8b855e8ebe8539fc743c8a27265587b,0,0,1.207921e-05
656a29d682a769adb75d2a99b796f093,0,0,1.9610456e-05
c13d42f827531c63172884d65f07ffca,1,1,0.99995697
a3a4f681b85278efc8613ccf57664f0d,0,0,4.2240692e-05
a73fd71cd78560bc4984c63fa5a5d865,0,0,9.74036e-06
196def4abb03086c480c8b8030ff21e1,1,1,0.9999758
ac1ce97919b11772e43bd8f563e10894,1,1,0.9999615
e5b30f343d5e81d12a682f613e6c6be3,0,0,5.4048804e-05
d536ffa391c68d60726f6a6d53d2176b,1,1,0.9999039
8fe149d99728e731220c9fafddcad138,1,1,0.99979144
40122e3af704e60f2621749157a0be5d,1,1,0.999961
432f9674da6056b43b3dfd68115801b9,0,0,1.26920295e-05
a30ce836834a66221679d3aa94fd91a5,1,1,0.9999763
46c2675d2abb5745075c34b9a4cb5caa,0,0,1.0724486e-05
77f8e47ccb19014e7a638b9d95802423,0,0,1.6398975e-05
6e6e11fb177fc50a25ba6a85e5b94787,0,0,1.27902185e-05
a7312cabb8c905e08ebd90bd19f12772,1,1,0.9999777
5b8c22a6bd09b55b0ffa8795e4dd63a3,1,1,0.9998498
5250a36a07a92598d3e2b7f843527253,0,0,9.405078e-05
f8c38923b2653853d09b44803eb93571,1,1,0.996333
3af4bcad2186c8d4c692a353307a0d00,1,1,0.99997604
61fee6efe7763a10239bc6526c14f76c,1,1,0.9999826
d1a5386ed40ed4bc88558826d0c8729d,0,0,7.799657e-06
3a2114ca9095ffca456ed267af660d82,1,1,0.9999535
cd5d75bc924995e9f36325fef19da6e0,0,0,1.1092775e-05
37ccfa8883b1e147912ecf3b72a5c20b,0,0,8.199168e-06
e2755514dead5aa52d210ded4c4b573b,1,1,0.99995065
b568a6fc79b4028b75b1368bd3bb2271,1,1,0.99996996
a8dd78a845544abce554693e5354ceaa,0,0,1.2721584e-05
78a4c57ef0b62f08d692dd02ac0cd175,0,0,8.829717e-06
735b97ff2cee7a873186e0c16d143c62,1,1,0.9998909
737a4d2e37d18b676c294eb05d620d96,1,1,0.9998901
9214203dbc9e6987a798449b0e6ce4fc,0,0,1.1337467e-05
1c68a1cf9b0ab57e76200641bcb375f7,0,0,2.437191e-05
756be3f3c15da133f0154f8c80107c71,1,1,0.9931933
818792fd0fe6dfaf951e9b4b8661942b,1,1,0.9998615
8d57c9c37019d25db67689b6ca042827,1,1,0.9999249
4c9b6980dacbec505b9ba7bcd799da9a,1,1,0.99997807
8593815686eb874f10a2117cc91978fc,1,1,0.99998224
158ea85275b2ec68ca54d950d019644d,0,0,9.502865e-06
7e63b1743327f4b1b3ccdf6104411035,1,1,0.99994123
81cb1f03733697d567c0cdc36480832f,0,0,8.724894e-06
6aeff10f50fd931eb1104162b146173d,1,1,0.9999758
d189ff481f6ca35670d08000dc00be4c,1,1,0.999967
35d260cc3aa8c874eb33ef3940b241ef,0,0,2.1957763e-05
6501e83070fa2dc1aee38e855eba1ddf,1,1,0.9999815
b879be34939beefa1033d5197630d2ea,1,1,0.9999155
7965c3e63e1059090e21da0a8142172f,0,0,1.4686926e-05
dd5785ffe4803d238a86bc4e81ea444e,0,0,1.6920254e-05
d962a869c3518022f7924b79de9557e0,1,1,0.9999771
689942d02ca19f3d36180dcc915475e6,0,0,0.26719323
cb84a157a7e41ea5d41b92d7a550e85b,0,0,1.543971e-05
7ace74f46155ecdd13dad1b933986520,1,1,0.999972
65c975938ca8b01e94e465f1630f03aa,0,0,0.0012978158
84161bb73fdfc0ab2ea2aaf6fccc727c,1,1,0.9999454
51d69a2d27283f4c867c4c3119ca6220,1,1,0.99988735
199f781ce20de288e42928bf886a2743,0,0,3.4479333e-05
5d62791ab816867dfa4532bffbedd889,0,0,2.7967328e-05
353bcc88f40a9be52ffe55cf71b23179,1,1,0.9999721
1c6e23822aeb0582950e38b2b99df0e7,1,1,0.9997899
02062b4322df1c8126a453228b7df90b,1,1,0.99988043
356e353772e75b469665011f7bf981f7,1,1,0.99997437
d9bbf79a462c7d0384c7d48652a3c3fc,1,1,0.99991107
c4c83bc9238b16544958ded2145ebbc9,0,0,1.044802e-05
026dbb64b8343e051b6ea4860a19d635,0,0,1.37460665e-05
39fbb00169d088e012e4d507cc79555f,0,0,2.6400361e-05
87522580e24dfe0be57021f82d7a306c,1,1,0.9998872
c39f61ff535bbbe792b0b5dac6ec0031,1,1,0.99995077
a9758db8ad1001a5fdcbde41337dc7a6,1,1,0.99998
d626a25ed164177efe06c2459e006eaa,0,0,7.446164e-06
b81d296797c61e3670528ce51259ed32,0,0,7.726038e-06
6572ee127c04022129bd49bd213dde4d,1,1,0.99994266
c5e4129e31a0e2209ec79e4e41dcdf43,0,0,0.00010126291
f9d046845778d2bcbf2eb18756b73217,0,0,1.11318805e-05
54c2fc86b737d98305a14a9b961c3a3d,1,1,0.9999505
0720ed60e02958608616e7cb6f87e87d,1,1,0.99983644
d73d6a9adbe764387092941129ef9552,0,0,1.2514936e-05
709591d1d2146a3e0b96e692508f232a,0,0,1.2004907e-05
bc2bdd0376057260b315a384b67a3821,1,1,0.9996512
b02b9eb3bb29da8450d16d536f6cdd2c,1,1,0.9999596
70a9721e2a6d8887c245d1947bb3baf7,1,1,0.99992335
f9b47dbcdd66796764e509cfc5a8624e,0,0,3.0310617e-05
cdd19711e77c22f333abea751bcb34c0,0,0,3.8205275e-05
cd925ac594459bc77d19ac10f0161e06,0,0,8.703502e-06
869ea97ca8ca643d369d310d34d20414,0,0,7.879158e-06
2ebef261c93414a49b814b5a8712c35e,1,1,0.9999734
0a15c49901dbe9cb69f2cc872c04cfe8,1,1,0.9833167
831f57c4c5143f997a31f1a0b9c3a10a,1,1,0.9998677
105303afcfab7c973f008c05986af98a,0,0,1.5999298e-05
5d840e2de5fbf30b164bb3a8c579cff4,1,1,0.999938
e59537fab1fe2dd21db169086db44533,1,1,0.9999703
44e062d09f432e64ac92f4fddc1d1d90,0,0,7.534109e-06
0f3304e50048d8936c12355842431113,1,1,0.9998282
b8c528300df34897d911bcce47dc8c69,0,0,8.416119e-06
0ad2c37907d308587dc4260389394949,0,0,7.3520487e-06
5f22aa23253e53b33b8b7d2f745822f1,1,1,0.99995005
a17cb273cdbcc743a32aa0bb5d511904,1,1,0.99991393
ba00c190e745949796423ac688f80aaf,0,0,9.433232e-06
7e602e2c7c79b82f5344de8b7c673155,1,1,0.9999434
a6900ded1ebff495cf28bb97aafa2f7b,1,1,0.99991715
5eee455ab225ce4e9a41b1003991b146,0,0,2.8966137e-05
b402f0c35ebe133811968acda9e38057,0,0,7.800937e-06
0c6e0226d8c9a1302f761e99045a12b6,1,1,0.99997187
ab6e26302a776fbc8455c0629a119d35,1,1,0.9998667
0be6961e1b207bae5bd6b3f8f307ea1a,1,1,0.99996555
383683bd60fa0cd9c54c274ca7eec9e7,0,0,0.00079728215
3b2aabfeaab89caaeb0dc2e7a8334321,0,0,9.259746e-06
e3268264718fcd786b342304272ca251,1,1,0.9999757
3aa5e07932891164b9c4de6b6018f2ad,0,0,1.9754989e-05
17ca3c8227a8162fd388cdee9df4b1ac,1,1,0.9999455
447b605d11547c05c5520d2957e9e864,1,1,0.99994636
1a8a99a956e83df2beb157f9affec469,1,1,0.99991035
8592e52bf12e11136fbe7fe0615ccec2,0,0,8.857246e-06
6bb98152f40c5898e9d2baa48b735935,0,0,8.6426835e-06
df49068dcb58257d56c504de8c044685,1,1,0.9998938
4a5dc253d2a844b879330943d58605f3,1,1,0.99996555
fdb40aeef399b2c3646e2ba087e7a12b,1,1,0.99977213
9904dc7ff2729b32a06c6e9872d13065,1,1,0.9992567
bbe901c634c8704c9f961de579fc7c93,0,0,0.00811124
9ba4d8b7cc47cf2ccb9df40f3ea7fedf,1,1,0.99997985
52477e4eb3cd303791aedf9330db7c09,1,1,0.999966
f3493f6965cbe0ffae9d9449d2b18543,0,0,2.4442063e-05
bfe338e3ea15a444b34440fb1f5a607f,0,0,2.4696657e-05
160c848f489324515bbd98e8e78470f1,1,1,0.9970993
f8deaaa456f802141538b7c2ec0fcfe3,0,0,2.25252e-05
28d6fa893f7b726cc14f0358ae460ce3,0,0,1.1104185e-05
e8b1773f5473d92703c5940225ffcfbd,1,1,0.99998116
c6c62fc11c8d30ee339c8f90535761f1,1,1,0.99995446
5fa48f22dee2226c33b5976325f17120,0,0,2.9187857e-05
ac4345b0791858c1f5cce2ac2562e4c8,0,0,1.651803e-05
1f2a39957c3b85979267a7c9eb89c852,0,0,7.676861e-06
d1ac9ee39e8ed23024751cc08309d17c,0,0,2.72053e-05
29973511858c11ed490d6cb3adf320e3,0,0,2.4302766e-05
ea3b19c31139b4e437404c5526615f2f,1,1,0.9981633
373beeee7c35f41fd841e7e65e4a5852,1,1,0.9999416
87c81148bed2ec58646e14147654a07d,1,1,0.99748033
087b2872b0f7647eafffa4411d36d20a,1,1,0.9999225
18a8021b18ba30926b6441b84b6f271e,0,0,1.2133935e-05
284b02929f73a6bc141d5239b32755af,0,0,2.1509632e-05
400f90540b6eaf4f483a50986e5ed547,1,1,0.9998778
2b3b2ca6fb29abbb0f9896436696485c,1,1,0.99998105
115588a86e4535702331ecb746d82dff,1,1,0.99998116
2ba4917a2e3307d3fd842c980fe57aa7,0,0,1.0866228e-05
55fe47e6f82071e7b52baf5cc57e5290,0,0,4.6663674e-05
1627252644b17ef62458319ad2d22935,1,1,0.9999535
a6df0d625f68639d59df6c7dc20aa382,1,1,0.99996376
d3cce528a459145b699e97ebfbfcae67,0,0,8.490358e-06
cf24f48301af104a42c2d901e351a9cf,0,0,1.9088062e-05
cc47e36206695f12130304c333b17fb1,1,1,0.9999461
0c21caf631166240d0c84cf2111f8181,1,1,0.99727327
15a43e1cbe607cef3692986a159c45b6,1,1,0.9999733
bbf3dbfcebba46172a62f378b5c44489,1,1,0.9737312
f0d7ee0287e1136fcfc859ca9b735a3b,0,0,8.548017e-06
166ba49c2977400dd788f694dea29bb9,0,0,7.712237e-06
24248fca72ce3cfa6236707c5b53ff10,0,0,2.5018382e-05
9337d114f2c45d1d922dd87e0b4bfbd9,0,0,3.698198e-05
03bffcab5ae517d763904a67a2d28e03,1,1,0.9953904
c603f807cb3208d0668149a06ca8d9d5,0,0,0.00018024699
5894c122ebf6c8dfa4045d4f1d0ae5b3,0,0,2.7167367e-05
2353f4fc36cafc0dee4c7b75874b2809,0,0,8.60973e-06
97c7329b21612e9ac54f34a658da6c99,1,1,0.99995756
2fda9331c192bd21471a7327452d779e,0,0,1.1472662e-05
53317c9735b033780ff24b102eb9cc75,0,0,2.1571626e-05
a530927904a2398d139a700670a6697d,1,0,0.001991158
997e9c2e63f03275dda5338a7b48adf7,0,0,5.781059e-05
a37a766b89675c1e3e9895a815240eb2,1,1,0.9999677
8c83065b46293abc35532d21ee4b17f4,0,0,1.9266921e-05
6ca1f0c4cc46314e2874cbcf0a7d8639,1,1,0.99991345
1e5029d4055bfc7977796bf27ee64e54,0,0,1.7276296e-05
8461f851ff8a418e663b676e40face52,0,0,0.008041585
bf12e11587d4139d215c360ff55a2383,1,1,0.99918884
ac6d15bc6fbb07924db4d65d2a434bf6,0,0,0.00011659159
93de92de40f31490f658b8cc6eec1970,0,0,3.0665386e-05
64ef55bd9544df46a44757a44a072e6b,1,1,0.8673458
6d9d9294083de0aa91b2be52fdcdf5d6,1,1,0.9999652
a518dc5548e5cb815a52b0306b62a4b4,1,1,0.9998735
d6b798290af2a89151d510011c444168,0,0,1.439738e-05
6b612d438e185cc6e6120f572db85f2a,1,1,0.9999738
101ff3562ef3bfc54fe8c80ce3144a75,1,1,0.99989986
b033e6b2af78fc8b764055b88e06cd4f,1,1,0.99997246
980bddfe4f86b1f9c2b82a465e73dd5f,0,0,0.00038580163
9b1953847d8228a286ff18287a14c526,1,1,0.99998295
507c1d6336497a35d3bcf60ae7d76e91,0,0,8.7703e-06
61b949ca996b1ae90e4f4b809ef1102e,0,1,0.8908141
19bf11f99d2bfe163f548e7f00ba48aa,1,1,0.99984384
ed9dc4c183c23755fa600d3567ba89b4,0,0,1.1032187e-05
f447fe71b5af7e517901e2cee2656cd0,1,1,0.9998969
97743ba4568448d83a2c85574cf3da79,1,1,0.99997294
e12df7d5e27b6d3484f7ad70b27d5c30,0,0,3.376777e-05
d0894ecd256f296c6fbd217149fce85f,1,1,0.99996567
fa6058dac1a1f6d59232c5005a8fd98d,1,1,0.9994727
b502e3507b0bbb4bc7b328a0a824c891,1,1,0.9998443
0e1693fad91d97a343ec17a1babe3eb0,1,1,0.99997056
8c938c93f92e0570b583f4c7ea2c69a2,0,0,7.798964e-05
7394ab1052e9f824403d548e72529d2e,1,1,0.9999784
aa24bcc589b404e7665dd31d5e80b2d9,1,1,0.99998
1dfd5e3110d076df121e0e699a7f1292,0,0,1.1183262e-05
47a8d95a2061268546d0a65f2b090ff5,0,0,3.2904725e-05
1d0953d2042d713b20a4472c1f7ddc08,0,0,0.00012327428
ce074fee246dca94c76929e0857004df,0,0,0.004678788
866e560651a0ece2837419c6b64ae8dd,0,0,6.8217896e-06
4ee825009baf7c1d4d64f31654a47cf3,1,1,0.9998677
b20fba28389e27ec4652d67aee4d76bd,0,0,0.00017756372
0579d43059f714ef4d3969b8ee48c3c2,0,0,9.713534e-06
8aac77b70c548f36955fb054227ff62c,0,0,9.034203e-06
4eef25d256eb3a14285ceb00dea6511d,1,1,0.9999579
18747d16e26966a6e6f90644819a12c2,0,0,1.49783655e-05
b8977d63143143924e80f5b87f077f2d,0,0,8.844787e-06
2e7d04a4908d505581e6806965636409,0,0,1.6289774e-05
89ec55d0e8b2264e4b84688d923d8898,1,1,0.99994373
86c3a9e463d334ff3ac6e3d12a382ea0,0,0,1.1652038e-05
b6bef1ba1a7ef1f6ad6a58ccb785fc66,0,0,2.692045e-05
58e4653863161b5ae85fb4ef1bb52115,1,1,0.99992573
7cc3c7fb9812b99d3b8f29c8fd6bb2ce,0,0,0.00015466053
56744ce5c589c353e1c893399f823b5d,1,1,0.99993885
3afa36c7ee75f838fdfe28ee37423224,0,0,1.7402064e-05
12b1daec90f131a5df8411666b1f7bf9,1,1,0.9999776
c34098a5881bc4bf6d554c607cf8dbd7,0,0,0.12943761
db43acdf8bb7a97e012e0b3ed2acca53,1,1,0.99998176
c2689620209c305dcd3663c703cbfa95,0,0,1.1909554e-05
bb45c35604bfc78d6b27891250002efc,1,1,0.9999808
ac823deb57347121718415eb0c23cf07,0,0,8.266675e-06
a2557cf88e0d17f8db449c84ca723845,1,1,0.9999361
c55d20b6d2023a0613f2a6e789e41c27,1,1,0.99990106
52d17dd295aa2252c74dffbb3036c91b,0,0,5.545587e-05
8c8f2bd1dc4c64d8536e7e9a2f683ae5,1,1,0.9582749
0bf2202b51e1eca079a23dfa16856f4c,1,1,0.999961
5da4dfdd063c39199777cd443e19be37,0,0,0.0016478623
c4b4db26107325986bed17294cc90788,1,1,0.99997807
cff1597fdf98fb7736a4a49f0329d783,1,1,0.99995875
3a4f53056aab180b41531aed289ec73a,0,0,1.3244051e-05
1de6245788ea4f24437e14b08d4bf50f,0,0,9.54949e-06
5066bc2db68166d31db9c9b371cc4205,1,1,0.9999738
3139f8d02bae4efc2865cb6cd3775002,1,1,0.9999299
c687bef897f2cd3ceaa144bd42892589,0,0,0.000223982
93a6602374f35a151b192f9221d71107,1,1,0.99995184
21e203220f2775e21f0aaf5761f49f98,0,0,8.153848e-06
063e32b3e79391e8635313a9840b5855,0,1,0.5893361
576de5dbdc47e943e3e16c8d755e689b,1,1,0.99997914
e17124e23c430702b4161a49c6365c86,1,1,0.99990785
e17c241c86db89f073996faa5cd2345e,1,1,0.9999676
26d1210e2e50049f9cb5c72d47d51031,1,1,0.9999633
95e45630b4b54281883707fd02886125,0,0,1.6977667e-05
1d4a4185e5466e19237275d61bff5f79,0,0,2.3236576e-05
ee76f03ce06fec9cf8afa9d3c81f4aad,1,1,0.9998254
3c73ba7e2b72acafbfb33d80f9443e70,1,1,0.99996924
9c54337988e6f1c5dcf967d598fb7688,0,0,1.3128247e-05
554c6693d8c5f065075d7d1644e0e94d,0,0,1.7794904e-05
a43553150640fa501bbc872d15d856ae,1,1,0.99997413
61ddd24c44ddfb60797bfa17761cd48a,0,0,1.0287159e-05
3ac807e9258d11cf432974466d0521e0,0,0,1.3921462e-05
53d2385582322020e1587b4a1af2691c,0,0,1.0144493e-05
bcbc2da717c18137237751d23bd271c0,0,0,1.2659862e-05
908d12b81c9c5a9bad9bc266e5a250de,0,0,1.439226e-05
addaab4058932d921622c24042306bf6,0,0,1.3143593e-05
fba568730b59723ea537db8c6c9ece08,1,1,0.99997306
44d77dbdd2cbe38d8cdca3b6a2d31dc9,0,0,1.6437194e-05
dd826609bd2ef02c58980cbad201626d,0,0,8.455846e-06
0945d417d77b4caa6c0e2803b1e60f41,1,1,0.9979538
7ca5954fc73109deb94c5dd4339a6b23,0,0,0.00012454216
3b1f1913e1d3047d1df6ee2694ebde9a,0,0,1.9911884e-05
5e3ad90f6a018a29f71ed055d5231f5e,1,1,0.9999596
2d2b195ddecaf2e64d1d08d540e9e5cc,0,0,2.5921388e-05
e0297dd5eb8840653ddbc93909449b69,0,0,8.622284e-06
00e5c80db52380861d2d939248c55e08,0,0,1.2413083e-05
7f803a6c77e625de49a02a12df4f452c,0,0,2.6394318e-05
2ee731834e69174241228d946d294fe6,1,1,0.99998605
1abed29347ede1a28f1b8a3cd0fa3dd9,1,1,0.9998882
3ef45b111826baa20b61f485fa37b027,1,1,0.9996092
dfc219f6cd8b16814208b5e432187a23,1,1,0.999979
399504a27d6a7bcc091ed8fbd2da9d5f,1,1,0.9998155
ad0c724f57f22ac7fef1065c997304e3,0,0,8.722357e-06
9ad8d6159837a81dcb8a05ed4959de7a,0,0,2.9949615e-05
7b6ffd77c90fc09cef22d329b8f7266a,0,0,0.005864421
f670b23f7d9aab489a0ada427ced3cac,0,0,2.547471e-05
e780b6b9c97798673fa4020df0fb995f,0,0,2.184077e-05
a41fde366b3c8e18acae4468619ed812,1,1,0.9999782
d60019b43c8830c6a1269c2bdfbea170,1,1,0.9999472
7eb0858249e2ae7dd79beee7a2b0fba8,1,1,0.99998164
d6fd5c291bbe70dd2952d20e64401f55,0,0,0.00016099497
c055404b288a44fb0c074488faf63e87,0,0,1.7891452e-05
eed44574d6456892799a219f27ec2db6,1,1,0.99988365
ad23afb74872f3cbf1a0317b07bc15af,1,1,0.9998598
4c1546dfb7c9103327c35501837e9258,1,1,0.9999304
649d1beed76d8d6f9385e5f92b020278,0,0,1.4441618e-05
b2d78a658a570986f4e61aaf70ac8fdd,1,1,0.99987364
97c25bb59e7d74f3da6230edd154bf43,1,1,0.99995244
4971a8aecbd04fd3a3ee0a78b17d62fb,0,0,8.7156295e-06
89f8ea512eea1f5de1b8f8a2ba36d4e2,0,0,1.27665035e-05
7a40c89169bea7f9088144ec48ce491d,0,0,2.1923908e-05
f7d7578b41d5ad3e61f4fa8b3d4e8632,1,1,0.9999639
63ff7ccbab76f61fbe3fd5e634ef3695,0,0,0.00012839118
723d208e9ca04f210d9c98b29d2416c3,1,1,0.9999087
bdb824c4eef3ea0d48f60cc542135ce3,0,0,9.7251e-06
aa6c29e98da30f4c273565d521f08050,1,1,0.99995434
0975389ddc6b27ec4b0c8bf7470010ac,1,1,0.99938774
3d5ff25ba94141ec7e7f515fcd640554,1,1,0.99936837
b0769124f23ea00dd1dab65069958466,1,1,0.9999814
332f0ea401f42472831f68f76f28ed60,0,0,0.00055572356
2d29615ee3c3ffc4304535b1e8352a43,1,1,0.9978436
17472bf20c4d27a7079b5d9cbdbbd9fe,1,1,0.999892
11bad5460196d829da15a49b931ffd12,0,0,1.6271593e-05
979dbb7a232bfca4ee2f59b95b732dd1,0,0,8.603385e-06
d2846a43553a524b10aa5e496b399a3e,0,0,1.0696642e-05
9c8ac8a1b06f5f42bc14d654c3308cfc,0,0,7.5741054e-06
258309096e86c45e8f1741e2e00936de,0,0,2.6189118e-05
8d448f0448cdde84e67ebec775db7475,1,1,0.99996257
7b3994f5004cabf728a74bf7bd952e0b,0,0,0.00040963385
7e4265d67ebb23e2ddee7d1aeb2e66e8,1,1,0.9999578
46296fed7b0b5c7e15637975926330c0,0,0,3.7855447e-05
07cb4d8a959a46349918b1974cf50a27,1,1,0.99996626
0a9d8d5ead34ad00a5994188294b47e9,1,1,0.99995387
7eb01b0f450e7abfae39294a1b52c910,1,1,0.9998356
34b2ded0f1060ae180f11f30940920b3,0,0,1.5076161e-05
3db95fff7ff4b50e3deb7231a4908cfa,0,0,2.2682823e-05
70e8cf20b855c94beb4b8efa988daffe,0,0,2.3331457e-05
ef5a54444b51aa711dd9422c9b2aeafd,1,1,0.99993837
c66d67256299af77b05ea33c25d5840d,1,1,0.9997218
6da4a3d744af4213a876863a8dcfc6a1,1,1,0.9999474
767ca28f1ffd23960d4d62bfbd188379,0,0,9.8342025e-06
57a329bf420eef1f0c8c95085e0d0846,1,1,0.9999435
e9cf5783ff3ce834dabe3fe7f08a34e6,0,0,1.5621961e-05
8bf013f235c48daa18abbdaabfd12537,0,0,9.2531245e-06
0c6d99d21d7333f03afe97b47c7b2573,1,1,0.9999788
1900387a367a756e8f506902d7faf28e,0,0,1.0653844e-05
b4e307283ab8c87927b5c9804baa4031,1,1,0.9999509
a5567914e41d5443e29cc2e2474f5a5c,0,0,2.411703e-05
412ce763ff686d48652d0da1b2db42f6,1,1,0.9998368
4c13cc9ed1d36b7de7d52f77daa46a3c,0,0,4.6627025e-05
d2f5012e0cec5ce2c8f5c3c41527a52d,0,0,8.673102e-06
f681c6e26ad79b90f583c234958b1171,1,1,0.9999703
c61c4d81a8c2164a684b0a95888a492b,1,1,0.99993443
317f0833b4f1e8e541da89993cdfb607,0,0,8.707355e-06
1dfc65fbe0b1b2cf71ce694096dbdd2b,0,0,1.1793458e-05
ef7be09cc052fe700624440e64e6d5fd,0,0,0.0510109
588e21ff15f227d004c417e7f0e26340,0,0,0.0035946819
fa7a90ec2925a590f22055d0ddb757e7,1,1,0.9999752
6fabd20575477c3f20871b5a9ce92897,1,1,0.99997103
8ca15c6c64afcdba176c07ffaba933b0,1,1,0.9861282
934c21346919c28b592e38be069f0d3f,1,1,0.9999825
143f0806ed21129729dbbf02c58d2642,1,1,0.99965286
db071be2d8e83e1763ef330465f31246,1,1,0.99992764
2c141edc5a3126e439d4f84bd4d0ad7b,1,1,0.99997497
08f892523a3ca838083ee0c0c9b93c6e,0,0,2.436949e-05
14cc97dc403985d2daa142bab9089cf1,1,1,0.9999794
6b5de6c042e117ac5100f659b062a265,0,0,1.3870336e-05
c6895a13bf18fd25818274aff3f57509,0,0,1.1189963e-05
cb28ad9db080fdeeb1f919f477a22939,0,0,1.0475606e-05
f58ef45a34db0a0f032a81408227ccbf,1,1,0.99990964
10aa71a05c3513da4374506d5c4d781d,1,1,0.9999616
53eadb89f3260692a27c24ee1c9fdd1c,0,0,6.9348225e-06
139370cad9594b9b4d4436e01ff841aa,0,0,0.0004814735
35a78d5a532bb89c48a9e034a8f02ea9,0,0,7.783725e-06
988dd45c5caeaaae82bc7c4252857486,0,0,0.0006448157
32b2d8cdfde75546e2295f9240ca2791,0,0,0.005788193
f68ed8486ebae2ecada2c486f48ad60e,0,0,8.9793175e-06
fc393594d80eb6756b89a15ce877f7eb,1,1,0.99996865
05a25ae168816dc2da37cf2321437532,1,1,0.9999815
287b0d78f924706ae411e89c34c1423e,1,1,0.9999721
9bba3eedd6a6bf95d2a7b06aef227bea,0,0,1.1390526e-05
76934082d607f1acceaefe6cc0aa652d,1,1,0.9999771
7266443d4ffde5d78719b62c636c0af5,0,0,6.0550672e-05
542899f847260994c07a3ee967787c82,0,0,0.0003302626
078a55825ea83f7e27bce6da4ece5bae,0,0,3.5066667e-05
16158ff4bb23cb3754c613a6f72690e2,0,0,7.752679e-05
454a24d1cbb071bae921b60614453474,0,0,7.5581884e-06
2964f3ded38a01f4a2259f26df708295,0,0,1.4410361e-05
2c74cf4d1b2ed934de79e84b14dde80c,1,1,0.99996066
85169695e62f5162be6e8e9f1384bb8a,1,1,0.99992263
e4f4f199e28e81c3f2f378d81225a159,1,1,0.9995136
c03489f7626d16bce65c62c5874c8a8e,1,0,0.12106857
632ba7041def684aaa9a63fc9bc6bb24,0,0,8.550895e-06
48cfe6c70d2408f4d905a51f748fe05a,0,0,1.189995e-05
cc67df5db5b3032c074eae839b6c7a36,0,0,0.00019634303
6317e6327d513386120f856e2aadb262,0,0,3.7787206e-05
031bc676d310962e0373236e5056f8ed,1,1,0.99994993
b2acb4533e9da8a412f9dd661b407c77,0,0,0.0003052229
71a0f9b161c1b97ceebdf85d8e20fec5,0,0,1.2566386e-05
0cf6dd84e0b81e5c96f9a35811251e32,1,1,0.9999577
0237542f61bea6e0ee093f56a646f850,0,0,4.7928603e-05
8c39da31d1bce7c33abea657b5fe6164,0,0,1.5568523e-05
e80c7da8b47bde9c63bdc001f098510c,0,0,1.1536515e-05
71241eccdd00f98450022178a126326f,0,0,8.636851e-06
e7308a7fd8b2355b49f40edd75347aa2,1,1,0.9999329
8f27912d7356743c059c59d28bf138df,1,1,0.9999808
4d369e260c32809ad2915842337d72d2,0,0,0.4763513
3a4a58fafa5a49cc037ab3d5606b5fd1,1,1,0.9999435
6f1202cb6a9193a3714b8d21725257c8,1,1,0.9999467
d0e3448cf418969bf01bcd7c1f1c187a,1,1,0.99982977
0c80f54845d67bba2801237d2af3fc5a,0,0,3.4213306e-05
244a585db5e20ab17eae2a1bd7bec1d1,1,1,0.9999546
9227df41245e9fe08d2b0c4f474d3760,1,1,0.99994934
05a0547d646436acf227b918d75ffbc5,0,0,1.4422459e-05
470a23736fcd17bdd2d5ca8a1196bd77,0,0,9.7982265e-06
f3da39104f303992a7035777a50218c6,1,1,0.99247813
059e39fa56be414c670821eea8b7b78d,0,0,5.7097957e-05
c6ec44458ab7372c54e2f433c672f624,1,1,0.90334624
cb215c23511cfd430105a62a70fd6d32,0,0,1.4308751e-05
5c0d062748102d4738ae36d317db7f24,1,1,0.99996746
e9e7a68643eadc8320cc897d549224d5,0,0,0.00024708582
80c0446082255bbaafa4405629e61447,0,0,2.8928813e-05
a021ac83b5a368ef79c9141c908d0a81,0,0,0.21068908
d9503f21f03b524627564f0cdcc8c7f4,1,1,0.99995315
61588321966b08f92600240f35714532,0,0,0.018250467
f9e5f1cb8f55f417b63b15f9267a542e,0,0,1.642007e-05
84c9bf0d078471a4e267522b82d88e72,1,1,0.9999628
8067382003448e6716cb7d4a410b432c,0,0,8.818391e-06
e2048286d911373aab15e967df4fc39d,0,0,1.030737e-05
2ad9ca5065ae6d978aad3cf682dd09da,1,1,0.9999099
7545c4cb17fa0705744daadc5593098b,1,1,0.99997675
a99335e308e10a00698c230c27fa155e,1,1,0.9999753
8d33a50dfc9175dc7b75aa96427bf844,1,1,0.85672647
5b154ddcff27ce95778d10cf7a8f911d,0,0,0.013667566
f88de0635ff8a2ae254aedc9a801cd2a,0,0,0.34816393
14e633a395953f5cadfc6e448eb143ab,1,1,0.9999807
77b311c9fa8805dfa912b07c993496dd,0,0,5.2119893e-05
f2c15a2fcb73a49c418bd53d6aede00e,1,1,0.99994373
583db0819cd2a4a1006a9a0e0dedf762,0,0,8.4712745e-05
94addd438e6dd01e7415958a43a45e0d,0,0,0.00028300023
1af18e37f99c9bd3f4484518889b1f0e,0,0,1.0008719e-05
7fa97b1d46ca5bfccbb1414f781ffc83,1,1,0.999982
928a21ce976f273b1c3e984b6fcdf3e3,0,0,0.00020739707
212fb1a5e25084f39a458a9690b93db4,0,0,2.521527e-05
23543a6f4cd4ef8fcb373c05d9a5acf7,0,0,1.0822936e-05
57a16e93ca26b6412ab13349036580cc,0,0,2.230022e-05
ca49f115255377bce00b9cd3ca01401d,0,0,1.0416512e-05
141913343cc74c8836621a0d518fcf34,1,1,0.9999646
b3013a3f085268c098dc0dd37b2f5c6c,1,1,0.99930656
1b4cb3e48e7fa0dd844f026ab75718ec,0,0,0.013670458
a013fca8e99cb4ba886e60820aade235,0,0,8.982015e-06
a04c99b804fa3de266286413ed5acc70,0,0,1.3675876e-05
1594b977e9e1f0319ce8c2100142ac98,0,0,1.0775449e-05
2133f0a345e5a7fab65f6ae1539bf525,0,0,3.5202167e-05
acbf4c6b8d1ddfd5a3e85bc4c5c6f747,0,0,8.321045e-06
33a3fa1e56ecca52a206e6d12001b731,1,1,0.99995387
463d9d9991dc9b08400b5c9d6e326c66,0,0,2.3548575e-05
4955a1e7436a8fda497599f1c2d6e9bc,0,0,1.1919667e-05
33cc7b6df6b198cca59d13fef6c386f8,1,1,0.99994767
a7926b093f8cb1a8870d974e31c4a759,0,0,1.21551175e-05
f9189145577681d9f4e58552c8d2af60,1,1,0.9999589
e570254e52ae4bde7c0937258942a768,0,0,5.765946e-05
c63a9a1af151f0f3cb44ed9f1806b350,0,0,0.00020894902
8dcace5383509d95cf1c72cb14339115,1,1,0.99996483
d206f8206d9db05a5db376e6b6a4c6d1,1,1,0.9999651
ba33bd991dc1d2b6e7cf0cdf1114d083,1,1,0.9999784
7887cd6f9d69e11151dfeb4668fc00de,0,0,7.914719e-06
b7c6f955d0925b5205bd9232ebc71d56,1,1,0.9997924
3e7b42f868fbfd8eb7360907af4b3f20,1,1,0.9998939
c1351f86b061fa3dc45d2e15cf93d03f,1,1,0.99997056
9135bd1ed3009e4f645a2a10d97a20db,0,0,2.0389301e-05
d97b03ea5e816dca97e6812e5b412643,1,1,0.999954
dd5cf3a0f693ae7b82343f5d8b0d010e,0,0,1.8246708e-05
4fefff2f93be909839b81673439a7e00,1,1,0.9999639
4592f8ad46e4b2e53f45f2130d4649c5,0,0,1.1182367e-05
eac791824859268e22be775c5ca93b87,1,1,0.99989414
fa2c95fe3c7adb0e50277c83bb60bc74,1,1,0.99994016
34521aa429e0a181cfbd005e48798ada,1,1,0.9999167
b779ad9ed74bd08aa1e3d056a90babbf,0,0,8.926959e-06
cec9cbb9627c92aef1df38468428fc68,1,1,0.9998159
27a4981a68f93adfd4d12aeef2bdd736,1,1,0.9999629
30530f44ae1c81384c293c69fb31b2b1,1,1,0.9999776
2147ca29698a24bea34ca13915cf97bf,0,0,1.0098421e-05
7a33e6ab5fd4f9bf749dc7599a86c85a,1,1,0.999938
af584c7d324bd343b3f89b398339734f,1,1,0.9998431
19c054af0aff88057c7efa88946fba8d,1,1,0.9999589
f69b4df821d95ac3a94e6be710047b85,1,1,0.99987316
aaec44f3c3ae940c0da3bae970947dd6,0,0,1.0414586e-05
eaae23507b987d2a87c77754857b7237,1,1,0.9999651
8d6aea7b5783f6bfd8171b80684b6eed,0,0,0.010134141
42c63d145de693364fe7199fbf24be91,0,0,1.1056855e-05
2b76a4cc05a33170be2b66d33605c5a9,1,1,0.99994814
3b6c7820d2006586208b0b1823c0d34d,1,1,0.99988115
e126d7ab608b84d411680e20613b1215,1,1,0.9999429
95f7ac0d4d3d0388f1483eeb5559cae8,0,0,1.0903099e-05
e5826422a388a7ece1514ed2163ea907,0,0,2.237785e-05
b43d723a6f610a6fa28c225dd58a3c8a,1,1,0.99998164
946181c6cc6749ab14aa2b3fb1d946db,1,1,0.99993634
3a271877f50de6276b77c77c83bd22e4,1,1,0.9999652
1a3978feca5f9ca2c4a13ad96dbcd2d1,0,0,0.000101485064
94ef94885b32155abcef983a0d68df35,1,1,0.9992254
ca9066543b24d048251f68dc1aac3b1d,0,0,6.3336076e-05
c65c017d749801b9be0bcfb261ddc493,1,1,0.9999689
ef9adbb99f9de36028628e830f639702,0,0,3.7697588e-05
04e87aaf7019429ccfe3297d56946dc0,1,1,0.9991104
69705e49011c2e0fbc80b138d5d2e284,0,0,0.00028595873
b3485071542f30209cbfeb20ced6dd55,0,0,9.747283e-06
d5cb05868a9ef3bc20ad1cf932246485,0,0,0.0004293304
c7da4e8b0eda5fd667242157f467f421,0,0,6.313081e-05
1314bc7a756ea5d2a540b00b93a96b61,1,1,0.99991834
e4329dd34b28d69ce39e2348c58f9eaa,1,1,0.99998164
7239b5fb6a3464561e25820ef315081d,1,1,0.9999807
58d0305f6c0e73362150b4d458d92617,0,0,1.015121e-05
927478a595d7fc617266bde125089bca,0,0,8.73206e-06
a4e221f4bbfb6afd664d3ee8d010365a,1,1,0.999966
7fb8917ba5c39ecb56e327eaa106f85c,1,1,0.99996424
33be0ccaf8f16fcfe980bc90489d9e7f,0,0,4.721181e-05
b21a49eb9abee3e7a18aedd5fb7b1cca,0,0,8.211133e-06
94b549ec0252d58f86faa31b52f8e54e,1,1,0.99990535
ffd3f3c21733c5aec340b58688030932,0,0,0.41677138
f9e8577504f399a63adae8aefd03c059,1,1,0.9998951
d88e020db1c4ecaa3dc39d8e0fbd53c1,0,0,1.9155515e-05
e071bc7b32919aaa60a7bb17c1318591,0,0,1.1311288e-05
491545dc37f5eaa17a8711160c346046,0,0,0.0016828169
ff7ef802f6147f33e6e9ffc455530dff,0,0,1.46798275e-05
64d066a9c076d253dc35cc1cdf170cca,0,0,9.879398e-06
c6ae2f261f97a8c1a8a07729e769f5f1,1,1,0.9999796
15e6531324c80d3651a3adfd09cbf770,1,1,0.99997556
cde847a170d3fc341cd61f84b9474855,1,1,0.9999671
3190d66a93e42f2e8b394a0ed68dfa38,1,1,0.9999033
d4308ee6d42ee69c21cf5635d5c07a38,1,1,0.99997663
1673b22f28942a3da60c4b87c9446e87,1,1,0.99997985
72e3f456035938ba61a65e975e1bf719,1,1,0.9999777
659fce3fe6c6cf2dc92d577671658399,1,1,0.99992335
a6d4e0932175650a8e3982edca1fe971,0,0,1.5464453e-05
00286422c1736f54e7bb1dfbb31b8ed3,1,1,0.9999151
5a97c4bb2dd247b82fe0d4ea4c311651,1,1,0.99996877
1700f41f3c66db43179456d5cb4f9cab,1,1,0.99995244
26311e4f4e0b96ef02533d98e196be58,1,1,0.99998283
073b59f2afec0cdfef44f3e80f2605de,1,1,0.99987113
7eb721ec19b21ab457ce71fb86d73391,0,0,8.269632e-06
e336feea4aa5367e4425f543de0e3be8,0,0,7.738162e-06
ba68380a2bda5bade06a0c6c970d2d3e,1,1,0.999882
c0596e9e3769398a2a1bcea8b118e1e3,0,0,1.1287774e-05
f90cf08073c59447bad8f7cf04db4f44,0,0,1.1985094e-05
5eaef0a8b9d4c631f01d03e5eafa6c74,0,0,0.00064767717
36b81ab0625eab5608a8ef9da89cde39,1,1,0.9999534
6f3b803a36f2406f513df87c51580fbb,0,0,1.3084687e-05
ea512c5791bcbcc1d9b71451c6354d11,1,1,0.9999064
bdc5da1a653d07efa0a106a19ee053bd,0,0,2.1770396e-05
3a15e1c3a6c179304d20ba651c164317,0,0,2.6972106e-05
d702fa84090a66450bd4f9956c51411d,0,0,1.3403949e-05
ae92bd7ddf4ead6b264f75925ee401d9,0,0,7.130705e-06
af4bfa0d39460cbf3c0e9677cfc13a97,0,0,8.539143e-06
23e0938f135d5d31179543496767655c,0,0,1.0419503e-05
be3935084182345cafac7f439fbe383a,0,0,9.0715685e-06
842a922cc9fb5afda32aa2b3c3e24a92,1,1,0.9999244
27fb5ab987f418da5c6dd3a2de27b9c4,1,1,0.9998104
c8866d0c87f35f31ddf764d88fd9a3e2,0,0,1.8864892e-05
ac922efacd2a110e84f57431b504f915,1,1,0.9999237
e1b1afd9fd112760aacc1e95731eebc2,0,0,1.0580386e-05
71c14d7112ae1bd21e35cc37d4a4afab,1,1,0.9999604
bad8890c8b7c1200bb2efc9659d6b607,1,1,0.99994004
b11175ab84ea8f3e3b64fd260c3fa4ab,0,0,2.2263883e-05
c88a6ed2c0886b8bc037810a705bbfdc,0,0,1.4966086e-05
07d4cd78a8391cba06d5696a1331f3d7,1,1,0.99993575
8f934061e1c4bdc721f788bdcf0f10ea,1,1,0.9999672
851d9db767ec89cfbae44b996a96b26a,0,0,9.350713e-06
31012669979371aa0b4d8560cafab67a,1,1,0.99994373
68d26f5b9708ab98dfe3552f83123d91,1,1,0.9999734
21013a9283d4b89dd0c17586fb65c4f7,1,1,0.9998795
f1c31d0a60bf1d00d46292e32ececbc0,0,0,0.00063231034
9c3b8efa30feb06e0bbacdb993bf4669,1,1,0.9999105
67e88f00bc9faa2336152750ac6e008d,0,0,1.7922568e-05
059361c8dc4d39b420a57ae0f4eb40de,0,0,1.6658394e-05
c00ac965feb6efa9006bb8272b76823e,0,0,0.00012437352
10041b56599cbc652b9d8c60ad752a6b,1,1,0.99996734
841629f00f2e5ac34cb777c75f6980d8,0,0,0.00020607439
cd0671440d4bd4314a07d96db6b10a95,1,1,0.9999846
01497dffed11ba401fd1aee2fd44ca0c,0,0,1.3455048e-05
ac3070d866d5f51d639fa558ae05261a,0,1,0.5595088
5d15587fbb308007e6c0f0a83ba6dc8c,0,0,9.162225e-06
b9bfc8894a8cd9227b19dd7e444338ba,1,1,0.9999249
293783f94dac534149ed0d6bd5284c44,1,1,0.99991965
d7e5eadd33b2369a567b243e03dddba9,1,1,0.99997616
a29a6616a4b554884ae26edfd9c4a386,1,1,0.99995816
d8db9434860cf98c1b0649bdb4cb7bda,0,0,0.00022029465
c7964ae47304fe62a2c65b43e40e6695,1,1,0.9999614
252e110d0307806e5f795995cc67ceb5,1,1,0.9999678
c6c14c3b993a514734996a57c7eb2523,0,0,5.8419926e-05
f0b53b3e60dc87bd4d7b59621d1b3846,0,0,1.1035028e-05
1f081a1c32c6ad1b62ec2e11d2542ae6,1,1,0.999765
945bed6106761c26bbf46e31fcc3dfe0,1,1,0.9979381
10281fcb406860984d837584d2cbfef4,0,0,7.708155e-06
6239b1a4c30394f7d47fbda668897f24,0,0,1.4902538e-05
c41301542a971acdee1f8fed04f08d64,1,1,0.9999682
c9a952106e093483d41ef9ac09c3871b,1,1,0.9999753
9cc00f7c12f11a02344d0e479cc8e8ef,1,1,0.99765694
ca711231d5304a29d7e2d5aad49c0a57,0,0,8.891724e-06
90163e9003a21c6a7088d27dc55f9d05,0,0,9.076969e-06
053865124b7f4d36fc88f6423ffae8b0,1,1,0.9999547
1d58610d9b6e6ff4fa1ab35abdef9a8d,0,0,9.598501e-06
6e7de461e542d5a05e1eda23b419326c,0,0,1.0587914e-05
baafed54978f3e472bafb07a410dc5d1,1,1,0.9300481
7c7108c48d758ff10e906269f28e2e95,1,1,0.99996495
9a6807e8ffd9da8ecb07fbb3e9356557,1,1,0.9999033
b3b29ab1ae1e5e6c77b01c0ac14660c7,0,0,0.00015146828
d5ca70e105c9bebc999cd28bcf8622b1,1,1,0.9999546
6f5d3e8cc18588b79c0f45de424febe4,1,1,0.99994314
e2d802892bd34858e641a53ec4065255,1,0,0.019899221
d216806adefe0fdc1b57ab6b8b35fa8e,0,0,2.532265e-05
27e17bb097e1624a294150fa753231da,1,1,0.9999814
ddcbb388e2aa6c8bdef849e6b90f0580,0,0,1.9474448e-05
a372ba5102b9117ef0b907a04f9a3a28,1,1,0.999964
154209d23daa36020ed0909ec02522c6,0,0,2.2323775e-05
23453397a510d8b81730b873625f9f43,1,1,0.99998045
4925df3e76d255b5481ac3b082b999d1,0,0,0.00011223634
2483f0059bfeb489a3689b7466ab66a2,1,1,0.99984014
3be031d3cf3a0a2746c9d2439d22cfc6,0,0,1.0333883e-05
17b8d78071ab3dd5716939ed31386169,0,0,1.5127316e-05
f073ae68ba2e19d8fb56002fe46d326a,1,1,0.9998864
1b8ebc725414b2fa985254a14650a209,1,1,0.999938
2b9fbbae4e6232a2c91ccc8a146db762,0,0,1.1370232e-05
aff79effb7cd6881963041f9befe9f95,1,1,0.9999614
5dfae52fb56a87cfca35e8f825fbf797,1,1,0.9775148
b4e6572aa5699ebe637d7154db1eb05b,0,0,4.038599e-05
924ec4b8a341e16199f7ee752776c51e,0,0,8.710868e-06
5a8c662fc95dde09e12ae8d305e216ad,0,0,1.6356134e-05
4b19d5917f3815f3c9e37437f5213a51,1,1,0.98340833
b7db88c4f37ceb0783e9385f5698bc88,1,1,0.9999194
57a25ba3c8632ac8c5c8df013d90797f,0,0,2.0698115e-05
d2b5526158565624a0fc09f52e1518de,0,0,1.1147346e-05
fd15bd019bd6a55cba8f5c20d9891d56,0,0,9.998473e-06
29a2c3d7943c9827ef67e5124b30ab29,1,1,0.99995923
986afbf9bfe9995458e034ffb8088609,1,1,0.99993896
2a5a4d79eff8262e817d0ad28984d80f,0,0,9.324347e-06
e7c8b8c81a510382f6fcb05be1f4a280,1,1,0.999696
a2fa93cb6f86b20bcef56629c413b297,1,1,0.9999548
56722429d81275c27011948553515dff,1,1,0.9999018
5a791abebd6dbab0ef93eb518c10c01a,1,1,0.9999757
4af66dfdfe2c17a230d1972203c531a6,0,0,0.00258551
767de4ba51ea37fa7dcce677bb791c53,1,1,0.9999504
ccc90599875ad47e2dd60a788e3fe393,1,1,0.9999821
1e59b9111b97215d0773aff024686b36,1,1,0.99984705
d4f0b282671c55a51425cbb511ffee34,0,0,2.812221e-05
35f39d0dcee6ccbc44327a494c47397f,1,1,0.9999802
112f95c22415236fd966fdaff78e73a0,0,0,1.0158976e-05
79dbb15a42e6ca5f898f48b45ec4fae6,1,1,0.9999386
15cd41fe42d2274a72d7fbe0ba1c73e0,0,0,8.928381e-06
cb0955a2cb75e351c4ebce152033e6c7,0,0,4.005693e-05
95d9a7ee7603721309e8af99394f8793,0,0,8.757347e-06
4644b94a98c41d48475a4b975f71edbc,1,1,0.9998776
929f82cb3a57bf05172581c5235e28f2,0,0,1.04851315e-05
2f771e0e71f48672d366defcc27fd4ba,0,0,9.079782e-06
fc075acd765be27d3dd94d5433c4a5fb,0,0,2.0506126e-05
772d294e9d2159b0ff66a7bce7a91d89,1,1,0.99964225
2e067f80e61f83d4cdb3ee670ca96294,1,1,0.9999634
86d523ccf0001b37b61b612814247359,0,0,3.734863e-05
72196876846319858e5297cb80365849,0,0,1.26906125e-05
334dd7dcb5db8f9d5aa14fc31e4f8b03,0,0,3.2485557e-05
3f65ceb5230ed72b408b768f3c1962a9,1,1,0.9999728
df69f2771aec639a06f8d3cd94664d9a,1,1,0.99983025
ccf577c17a6e8adb33c58d9376db51bd,1,1,0.9998554
4bf11a27e4ff2cc68f6c2c764785ba8b,1,1,0.9996791
e6bf2268f316f66d533e1090fa516a10,1,1,0.99996495
2ad8cad37787a9e55032baf32244dbdc,0,0,7.70523e-05
4214283954861883a8c3ab1fd65c50c4,1,1,0.99995816
7ebdc4cd59ba3930f3e40776b5e6556e,0,0,1.0695051e-05
200db3add8eee0d2da5c849b01b8d777,0,0,2.3159282e-05
d5b7f716658623e46659da30ea8f92e9,1,1,0.9956185
760d973a1868fcdbee1fc5820035b247,0,0,5.8989765e-05
c6f4ce8c878c8c086d204a9999029b5c,0,0,0.00012753425
3226e0971489d191dac514326c14286b,0,0,0.00034565432
1d9b0ac13c9a52dac1b9eb4099d12ee9,1,1,0.9998765
fb525964eba285eb688c3630896fe678,0,0,0.00011297316
b1c2858cf3227cff27b5329b0b7d2905,1,1,0.9998653
d88c67998a68ddef21327c70a0833616,1,1,0.99998164
af11499372e898a29b2338d0db9078fb,0,0,3.5648365e-05
4d77dc6f0eb645f37c39b622ce33739b,1,1,0.9985617
ccb64a5d74cd649e7664a584796755c3,0,0,1.15499015e-05
77ed966500749f1581472e02e8ca92e7,0,0,0.0022523508
e39ad43b44484a7c1ed2deeb720a3e4a,0,0,8.290193e-06
d3405b11909e6b05d1522a9fbb6dd035,1,1,0.9999815
1455f39249e2dc2a8da9c46d30f646e0,0,0,8.054504e-06
5226732c42c0ec7f71e8f3987a0d0f88,0,0,0.00021028893
78ce213d3e20a3229a5aa456fc1e348c,1,1,0.9999604
521f2bb9052bc7a7290b7ac64358ef3a,1,1,0.9999777
20d44e6c58f88bba3fdd0625712e6a76,1,1,0.99995697
bc4ff2f9ca26f781f05de1ea6074f076,0,0,1.0328799e-05
e4a476d4e53a8056cbab31fee03dfae6,0,0,0.00037301853
8e10dd40489bdc1cb23a37448c91ff37,0,0,2.850924e-05
416ec4a189984dfd066f6ccf380dbc16,1,1,0.9999609
779bcfcad9f8a530b1a693f4a2464492,0,0,8.184325e-06
156229561636d702916c7e3e4a37072f,0,0,1.2373877e-05
ba866fa3ba3d5dec22d82de3e6db8bc7,1,1,0.9999777
5ff63499d28e97f8d6a621db7057b9df,0,0,9.936867e-06
27e8fa01a16d92382a13d98616b12284,1,1,0.99998116
464ffd15c337602013bffe6f929862b5,1,1,0.9999683
ceccfebe497b032a8edc104818fc5e75,0,0,8.344615e-06
896eca0b0de62cc3f4de74c16281db06,1,1,0.99996793
d42cd528d9ae93026771008053ab469f,1,1,0.9999536
bb5e0694440ebe3b362c04acc4bb6c6d,0,0,0.0016030602
cb625b93f150e15d41d2319dee0bf0c6,0,0,2.64661e-05
02d9eb6f9ebeb69cde7fc496df21bb84,0,0,1.5565509e-05
aa61bc66e65dbb0acbeafe8057b87390,0,0,1.0584695e-05
e6efb6f697b66eff3072c39175f7b9f1,0,0,0.00020353368
b6f083a2a5e5f4c50bd0d315c9f678ab,1,1,0.99995744
ce7b899b001aad51dae62ec97fefcef9,0,0,0.00017871465
3496fc8f85fcccacd2cb2cf0b95ed15f,0,0,0.0044757635
0f5f6884be72be2f97e636981655cf3a,1,1,0.9999449
d3a5c5d3694455ae9fae43f436e12d4c,0,0,0.00014883875
a960273493d2352b9afe6523b49a40f4,1,1,0.9999207
2de5726396ad8eb55961e4ee2c5dc724,0,0,1.5865517e-05
9845c342decdd1686e1f6f7cf08c022f,0,0,1.243576e-05
3d4e46daf8a3532280e9d29eae9d21fe,0,0,1.8629367e-05
0b4f2b95d83f90752d63bc4ebc51696b,1,1,0.99992895
97ce3cb920ad8e9c16444f71d5971e15,0,0,2.707759e-05
a11efb4dd2c2691a58cc952bbff69136,0,0,1.7358407e-05
75ef3d4b3fb4ac9e06292dffe529545a,0,0,1.1699183e-05
841dd13f230c2b0ba07abdfeff20c6a2,1,1,0.99996364
7355bda9f2c21c3f0a14b120e6dfd4b9,1,1,0.99957937
26d587c041f437cf49c4e45b77fd2a31,0,0,8.86054e-06
54725c35552b6a1a3550d5cfb925ce92,1,1,0.9999143
a4fc8d1a8b6fecdbfab72ad8d0681dda,1,1,0.99639195
5c44ce0dec855f37037646d23ef34512,1,1,0.9998011
e36107a5d93f1f6f84e4d7bbbe551aa4,0,0,1.1923487e-05
86744ea9ec0dd540ab8070e878ead4ad,1,1,0.99998343
3772bb3863c864add3e35bdf3eeea4f1,0,0,0.0018999984
317d2c150e0998bbeb79a6cd27bd58b6,0,0,5.6469926e-05
91ee346bd1d85889c144c8869d8dcff3,0,0,0.0002753558
543ef7f10dbd4ba521b3167e5af53d24,0,0,1.1050719e-05
77c93c1f01c6427992cee28c7ad33fac,0,0,8.524108e-06
8fcc60b739b80d248a222199684a37d8,0,0,7.821293e-06
676937008fb2d4e119f30355ba18a09c,0,0,9.4728e-05
db506d946544102d2903cc5cf75755dc,0,0,0.0002617113
b509b51eddff65dad0af7374fdb3bedb,0,0,1.0964651e-05
90561880981bbabf1c638115ba54da99,1,1,0.9999323
4b9eace5a9d641636711fe3749b8b489,1,1,0.9999534
81bf37234163d75ba90aad281a50cf34,0,0,1.2404065e-05
b7319cea0d749e50882040f400dc4d53,0,0,1.13414035e-05
023e9b0e58c8ffb62bca8e5968f6366e,0,0,1.1019129e-05
4f5941382760b3bea47149ab122c9b91,1,1,0.9999664
aff68f9900a2edc52ffc3a424356fa94,0,0,1.0274021e-05
824830915965c58050afcde13747be60,1,1,0.9999715
68ff74c7469f34f48f6dd237a9a52edc,0,0,1.1791366e-05
28c5b66d5000d3fec95c1077fa64eeaa,1,1,0.99996316
7998adc8372b60f3f523b3099197fe0f,1,1,0.9999651
b451b854961eb46be89e3578b41f1d6b,1,1,0.99997854
b336c47b666dd544771209ba8f23b6e4,1,1,0.9998909
18c13647b2d646f814f1844ae0ff8c9e,0,0,0.00010988096
d90396d5ccc40cc9f2588a9cbf46d302,0,0,0.000255683
8e7beccd7a851c2ea9a8b25a50316dbb,1,1,0.999476
3ae3e1d53ff7d201d29701510aa7035a,1,1,0.99991727
b065282b7a6a00487ff98a50011e8517,1,1,0.9999621
a6c345539f05c388e95dbf5751f9b0e9,0,0,1.5857e-05
3ffbd4fca8da401ccbf313b8ff0bbe25,0,0,8.758474e-06
66f8ff4b1d765111bdd7293bfb12c6c6,0,0,7.698142e-06
a6682eabf72460efd4d9e393e8507a75,1,1,0.99998236
0fe1803a17e1af9e02c2d02eda04b14a,0,0,4.0496943e-05
102f5c5464f5d63e94aef776ac71b12c,1,1,0.9999255
657eb9cfd56507bccec0bd043eb358b4,0,0,1.9454308e-05
e4a36abd8a3535528429cd3c33983c44,0,0,2.3768875e-05
5a9ab5646797ca8a23c74a0fd4253d69,0,0,4.399917e-05
01ae6ea11c330f9f5b119ea27f9521e2,0,0,8.187229e-06
847c71a323880a8f77a21c3e7d9c990f,1,1,0.9999634
8b3e798955f250ea8340e830491b671b,1,1,0.9999652
6492e958cc6b452238156d4e6f3edd66,0,0,4.183659e-05
0cc971bd947858258d230b7778bbc6a6,0,0,7.548716e-06
500085f2b87d3556b6a64ffb71c3098e,1,1,0.9999535
6f804c3b0aae47ab8695b926eb06e908,1,1,0.99997187
29c20b76ee80da8ffd14750056663393,1,1,0.9999112
61695b1a9886333cc2c8952a0dd2584c,1,1,0.9942437
20cb5c40238506be6f95fb8258f4b974,1,1,0.99993944
a60820baaff16cf10cee6d4ab486c1b5,1,1,0.9999757
134f427a50296aca6f825857fe8fc1db,0,0,0.00039934937
e9abfb80e40ed8d7bc3122b33e2163b3,0,0,2.6538231e-05
8e642a3437abd084aa3b5cca8e9ede71,0,0,8.024359e-06
0344dd4654d8a44420a928fc06ee0d2e,0,0,7.938922e-05
8e5bb32727554ae97645ddbebeb23be8,1,1,0.99998033
09328b85b7b561bf55ddac413d7aba01,0,0,2.3044058e-05
2c1d2695396e869e17cf75868ed31959,1,1,0.99991584
b1aa4731796e8f9a06f02a3f65fa5677,1,1,0.99990296
62478ba59327b28f06e70f4f32ace9c6,0,0,1.5143569e-05
d04b6213e64eee16df28f9c96729cbd8,1,1,0.99987817
7a7cc9ac2f396ca34260274727b95f7b,1,1,0.999944
8dbcbe9c88ca1f40fb237812c8a30523,1,1,0.9999794
4e87cb5fe80bc6d0dbe9f06206efed91,0,0,1.1420307e-05
0a6aa5d8c079dc07ed62f21fc092e7fe,0,0,0.004412163
23500c8cde7ac064c533794e0b9b810e,0,0,9.651299e-06
2d57809715c995f33646d03036d9a39a,1,1,0.9999716
38bff9120514198e825776f1a669d152,0,0,3.866682e-05
45fffcb7554bbff58f3a3d30fb98cfc0,0,0,9.336289e-06
cda8a7d5016efa036e38cc5602301a9e,1,1,0.99997556
422994b85d3edadff8ea0dd15361d9e3,0,0,1.2129932e-05
47235906b3b1407705c72f797978caf9,0,0,1.0575876e-05
ab0a8c20b3c1fcd8e7b3847addf994ab,1,1,0.99995947
04e2feafb9285db7548f9bfe6bc2768b,1,1,0.99988675
c0e787e8c13160d387a80df3479108bf,0,0,9.257467e-06
5c388b3fffa6f1a7c20031c6fe33a4a7,0,0,3.4346587e-05
f80498864df680ebcdcd0d8f0b584e4e,0,0,2.99627e-05
c1b8249e6d33a64aeffd436f7094f2ab,1,1,0.99993503
cf7dd898f3a9ebe03f9176892bc4b176,0,0,1.237153e-05
5b9c5adca7e1c16ca58f414022bbdccd,1,1,0.9999554
f25073c5906d40a9b3920c1dbc44fd2c,1,1,0.99964106
bebb87533894c5a1dd0c6b798eb568e1,1,1,0.99997807
378a4e14408d6280812b68017c997b77,0,0,1.4017139e-05
35f1e7a2d05749b45be4e64de33beb67,0,0,8.630939e-06
29a494af3cc9471c0a561716710b8cab,1,1,0.9985612
3eb417470a6e66523e84bd96309ff906,0,0,7.754311e-06
530938c919137a2a1f89ebd16e668bd9,1,1,0.9998789
97c1937c753c31138c47eb0fcab705fc,0,0,1.6139149e-05
257bb4aac7656c39fa5c0f5b09cdd64c,1,1,0.9999454
338a156c82b77bcc1b401abc462062f5,1,1,0.99995804
6f07b6088081b3b790426efa4cd23017,1,1,0.9999646
5f781dc23f2e9473f82048f93ab80762,0,0,6.1472136e-05
fe5bc58b747d2f23dbab61b795d24ae8,1,1,0.9999683
d43a86a1572579da0a6ad214b7678d8f,1,1,0.99997795
b9ab002a6947cf753c1ad9da4264ae0f,1,1,0.9999329
282a54389dafcb67b6cd938a128c3e10,0,0,1.989645e-05
1de2348443059efaa34939b757f918df,1,1,0.9999635
69c351b080cb21776da81fb3c9bb479f,1,1,0.999979
0c69f5eca978abf08a436a86f961f446,1,1,0.9997552
d2f24c8ebd1af23c1cc47d283331b827,0,0,0.0029807151
c44652170f808e458ac105a229941bdf,0,0,2.7373964e-05
a645247bcadfeb5ddaba7b6069c1a769,1,1,0.9999044
7ff620a1f764c483ceb14d0bb08a3622,0,0,0.0025164594
4f939469c4495b29294c558bfadddcdf,0,0,1.596732e-05
df366da829b7270582007ca52c0072f0,1,1,0.999964
a2963d30de467d8bb225f3b217c843cc,1,1,0.999846
d561930b00ac66b017c3f9889c1897ad,0,0,1.11702475e-05
e83af7d5d03bdda0646a10fa7fa34565,1,1,0.99994636
8c1bc0272a2314181be082f90e94e8b4,1,1,0.99993825
2461a028d80a11c0d98b70871a2c3a2c,1,1,0.9994721
8c3ec20693a7912782891874d5bde0d4,0,0,9.004844e-06
5d722d7798733f142860db640dfb1f67,0,0,1.1673003e-05
9e7b881643c51f9d763825f4927d8010,0,0,2.237324e-05
0ce98bcdbbbc1f511bba2238fee4b264,0,0,0.0001921051
7fd8e9aa6f1091364f14b3906fd36632,0,0,1.8066561e-05
e258051ac4a24118d134213134eb9db0,1,1,0.99996793
ed6ea72d25e55617ac533f5e3ca9ebe5,0,0,0.00026526442
48f51e18dd850401ee914d6ec821ab64,1,1,0.99894065
69e47d6825eac225d10b37073a92867a,1,1,0.99975437
e3a84fe0de718032014c36e1f8c27787,0,0,2.4793408e-05
62c3a8176dffdb7cd42d1fad7b66d8de,1,1,0.9999546
c4cce6c7d5e920a06ea74c00c91c3b1d,1,1,0.9999808
5b6d3094b6d149f43a4f310acba00a7d,1,1,0.99992895
cd491529c3db10cbe872ee645dc823e3,0,0,4.419893e-05
9dbe95a4b680e1fc79932823fee2f5a2,0,0,9.239616e-06
f23421d6faec7aca4ba612c361f72df8,0,0,0.0011080216
0c261740b9e8efc4bdca152a6a933ca4,0,0,2.682778e-05
5c4d79d32892e0c398145c71bef2afc9,0,0,8.121627e-06
62be2153e27663a24906dbf06eaa6d86,1,1,0.99995303
ffef0cb65f851a26c338f6a47275a03a,1,1,0.99997437
ebb6d406b9e8dff3ccbdafd23a6f763f,1,1,0.99994516
58e9d6a1bbb7c79dfaebcd09ba020de5,0,0,1.4180594e-05
49d4e728a24312d86473a84167f7a16a,1,1,0.9998871
0eab4a094a1a1f9856e230a95ef87d74,1,1,0.9999709
b827e4e9a31f98dd94be6e97f6ce4660,0,0,1.7262922e-05
4ba7572ca0876fb27e254946df7e10a8,0,0,1.4434403e-05
a5999701b9423759a2c2323d0b222cc9,1,1,0.99998367
6e8350a4034e62f16b632afb025d861a,0,0,0.00012219393
d1b38bc14972bbc3d039407e210ec7e8,0,0,0.00015068403
c76fc9e984220d676b7fb8192894296b,1,1,0.99995923
8802657d3ffbc080b57fb9d71545c968,1,1,0.9999471
61bf6c76c2665db3c02aa011650bdcb4,1,1,0.99990666
96d30c65061144d70465caa04a957f09,0,0,1.5153219e-05
1165ea2b9442789268290cd283f4a2b5,0,0,0.00046258772
cdd3fc23338185852855b068617f3019,0,0,0.0006409055
ef6f433d40f63dd1ab954c61e617c4f3,1,1,0.9999808
ba89551214227778b2ea62727853eed5,1,1,0.9938776
efa402cef6f59fcc459a8cbcc9513f6e,0,0,1.5994921e-05
aba8ffeb4c9ce7aa19e846c8cd74431a,1,1,0.99959546
2d7ab86a7c07e8f9c1960d34b055a2f2,0,0,5.3468935e-05
d3cfd6d421d26f5bb253360b1ae62311,1,1,0.99992406
2cb84176583ccc1309b33276541b2277,1,1,0.9999504
1b3a9a3e644a7a4c6d966b1c4839a2d5,1,1,0.9991617
dcf7fd44eaeb07da290296544c27b072,0,0,7.792511e-05
ed64f76e1fff89607a8d898416727476,0,0,8.431006e-06
c18ea1e316cf3eb2b684f5a268d24fef,1,1,0.9999027
ee9f9c286a2c17515ac1ccdf168d93b0,1,1,0.9999578
657f564b11141d823ecdb09659f3351e,1,1,0.9999331
3199802c582a01c42b6faf045a9deb36,1,1,0.99995923
512f81b273892367318817d6b3c0473d,0,0,0.0001339526
be5bf679bd4e688683021779b37703b0,1,1,0.9999765
a62b2170fb5a14068484dcdaaed0e012,0,0,2.7464885e-05
579d34749ce8436265e3c5d132df0d73,0,0,1.2227165e-05
67a832bcacb954935866c822f96b221f,0,0,1.3326885e-05
a00704f5972f036055101a73da4e0cf8,0,0,1.757941e-05
43ef45a1036ad04ac2483653ff3b0bce,1,1,0.9999715
ca20a79b3c327e83033ba6edfac4c915,0,0,7.870281e-06
2141698b03c6c3cade58616d9a0d5124,0,0,0.00010665735
33dcc8d490f8e283eb512082e8bdb3fc,1,1,0.9999708
b528dbf7d04771b20351853f089055f1,1,1,0.9999814
d553bc598309c6670a52160a7c6b9764,0,0,1.6590016e-05
d167579a1f2e0239444358f47dcc9ae7,1,1,0.999943
324526de0408b053379056db4ca02d96,0,0,7.154921e-05
5e516dc64e2ddeeaa49d5c0b019aa649,1,1,0.9999232
a2f518c624e88592052d00595555c2dd,1,1,0.99992967
99c7c488070d3745d523cfb35ae7c645,1,1,0.99979204
c16429b1c671011952e01da7aefb35fe,1,1,0.99992895
217a6f91084068277cbdc1777d713bc9,0,0,3.084982e-05
77e07603054a81e828eb52749bbcf62d,0,0,1.5384096e-05
149de01adcfdd16a249e58de9bde2f10,1,1,0.9999559
00ddd6e0f51be568bdb29cbe3ca1b9f8,1,1,0.99995756
69b4b00a441c25ebd68427861d4dda54,1,1,0.9999794
4353e53c23a2bb45d12ad2b900cdee48,0,0,0.0002044455
73ac540672f6a179b511a07b93a34f76,1,1,0.9999428
374c6fe79a20ad7544524b8bac0a319a,1,1,0.9999349
4ba1d01ac6bf7d8f34a275878999b229,1,1,0.9999809
5f8b603a7a87bd6474b16d8f500a7098,1,1,0.99997497
d397af5eb475a5a8e3023e9c3f471ce5,1,1,0.9999603
2cd6477e111866b0c146673b805d4864,0,0,9.650259e-06
0be33e9a1d7fe7001fd0353b06903d1c,0,0,1.5672831e-05
e30b4e6e742abb2d81780340a3516288,1,1,0.9998785
65a4b50a6c95e7e8cff935f48adc413a,0,0,8.434286e-06
7a4bc0043d3367169ab88d303931f7e6,1,1,0.99996865
e1dc4e4a19a6ecefeed85981f43b30a0,1,1,0.99980265
4c43f1de6aadf6623af4b7cba256f425,0,0,7.7885146e-05
d94055bb43c666ccb0c7565b30d1fb03,1,1,0.9999453
190c34346b2ca99c0f95cc0569f5d0c8,0,0,9.763853e-06
995615d9252b1ef50f44b3d14e4759b0,0,0,8.801159e-06
eab1080a56e0aebc73abedd50a7d09c5,1,1,0.9999505
89394daab205f3503c96c1189051aa66,0,0,0.002432125
0e6f55c7374a598314afd590451cf703,0,0,8.631845e-06
e7068f2b0b44b57a004c13165e39747d,1,1,0.99995065
a2256cc4415a2df84de30750360c351b,1,1,0.9999397
59d249005a36aa294edd7f08c978e2c6,0,0,1.2281602e-05
1c998ca087448d9b244aa39819cbf345,1,1,0.9993988
988574fbbb55c49b1c68e180c2506b94,1,1,0.9999502
7a20b8e960231718afc72fe13e45ffff,0,0,1.3971724e-05
2e58b74ddd9a64c0e61956f7f36b0b78,0,0,1.3138368e-05
09230a92a3eb6db64fffc2ea13a1ce55,0,0,1.1669753e-05
5c0efaf988d807d97ebbf90019711371,0,0,8.920892e-06
1b264abcef3c6a6e7fc170f120c8f87b,1,1,0.9999254
b96f9291819368e30aa53f2833002d7a,0,0,7.698957e-06
d36a255c81186e3f3ceef4d15d4736bf,0,0,8.398505e-06
eba5abacf887cc984d477db897c2b3cb,0,0,4.3472737e-05
7eaf82f51412316e2b819a3b2a80ddaf,1,1,0.9999707
932f78aa0ae1829cafe2a8a5db60b8e8,0,0,4.364475e-05
73f593a88239e42f53ba5ecb3b150759,1,1,0.9999794
63a7f107f78d943e005ccf7a9f054d67,0,0,8.599779e-05
ab6b780e3c3d2e4bb5b10f2eab11d157,0,0,2.7835671e-05
5805151b9b3174d1fc99ec3309b10e8a,1,1,0.9999777
7877e6bbb861772507d071ae26df6ab5,0,0,9.169489e-05
61bacb453257c7233bb31f0d12381b78,0,0,8.346923e-06
42a7c4cddcf03527381fd4c2f62c931f,0,0,0.00016029266
ad7000c355f9f1bc4cce7794bd5ae770,1,1,0.99997044
3f642f5477bfa939ccad88b7cca56e05,1,1,0.9999577
e6732fbc6672c7488c8094fb032d2e90,0,0,1.8824741e-05
df9ab276bc7312e8320c8cfa5dd0c9ef,1,1,0.99998236
ed8477ec4534ea2e2b749ff0aac6e87f,1,1,0.999938
0b3447cb081f2cda0f366ccdafa91eaa,0,0,8.960249e-06
bacb18c7e3126ee1acbfcef864f0b9e7,1,1,0.9999794
75e712caa2b0d330b0e5cea14a539177,1,1,0.9999238
05be9bb422d3f80f5cc2a7613c752e64,1,1,0.99992406
840aea9814e584dab24b20e6b55061f7,1,1,0.9997198
edd316bdcc42989c10c62c202e87b314,1,1,0.9162032
c3f9b61fa4141d9430d183b8c6599904,0,0,9.416071e-05
b403df69eb790e77b7103fe6411e927f,0,0,9.608263e-06
76ef7292dbada60e6a8428f4149f333f,0,0,1.2806989e-05
b83bb97b053415948463d042bb051e13,1,1,0.9999654
a9edcb47d999f6e4410a23596a0e64bb,0,0,7.768582e-06
2d0efdd94c90dcc9080acb9ec46ac4bb,0,0,7.868704e-06
ae3120c245e95a86528f83c0f5bd9439,0,0,1.0953666e-05
12a80bcf975aada581200b000e808df9,0,0,9.375663e-06
47b1e06529678c34546ecbbf0f393add,1,1,0.99998
31b071340e2cf79d922c4f1507a84d7c,0,0,2.5802638e-05
6a7c0e34d5f3684eb6aec0b9f22e779c,1,1,0.9999529
c27dae3439c4e23d54ba4cd368638f93,1,1,0.9999473
8d5c37dee85bd774ee5a820c27dcad9b,1,1,0.9999355
fd62d8ad83b10325619c37e0f5271125,1,1,0.9999422
6be8fd374591def7e96115fedc5ee28a,0,0,1.2243619e-05
fb4cfbdc67dae0f6f9605b5fb65bb9df,1,1,0.9999771
10747784dbfc96afb21c58fbd3ad0260,1,1,0.9999832
9812de5e8c940c998cd2aebfe94c18b1,0,0,1.2298386e-05
c16262ee691bc9048ea776407fcc38b0,0,0,9.944261e-06
01e0038512ea8dd48c55af73b6338a4c,1,1,0.9994024
9dd1290a3839322955c61bdcf92dcb9b,1,1,0.9999355
641555f14bb9e8867abbd219a11a560e,1,1,0.99987364
07fab02cd1d4538da755fd359600e8d0,1,1,0.9999577
aca9d86caec7b380d9a1988a2aa7f18a,1,1,0.9979546
7c9ae3b4a50116a49cd226051a45d9ea,0,0,8.6514165e-06
460e3838e09ab664ab217c68aa68dadd,0,0,2.4408333e-05
c4096f3670fb99b54a3e036b7aad2216,0,0,0.00029013044
65d785a7deb8d18198f9c77745b125bc,0,0,8.740825e-06
891f64eb36d80d4cc038fee45a6a9e59,0,0,8.969175e-06
d74b7dee1aa552a8ab908ba6407731a3,0,0,9.636839e-06
944a63fc8aecfd079b55a2886c632f96,0,0,1.2893998e-05
fc2f6728b5343cfe7a94aa8412d1cb54,0,0,8.617106e-06
2813d24800a93e0f341e76aebd6b44eb,1,1,0.9999722
2835e8abd5293b8c54abe8a031cba544,0,0,9.765194e-06
ca2444fb4e2f637ef08c0c0c35d2adca,0,0,1.889988e-05
b28bdcefa129a9fb8e7bd31ce0518a50,0,0,1.22467945e-05
34510bd3e07a9b560b444fde95633e72,0,0,3.796401e-05
ea338f7ca85d82737c2ab09a79d2c540,1,1,0.99996424
d4afecdd3222ebfa020ab3e24908b2c5,1,1,0.99998164
39146d73cbe0b435747c8960f2149d06,1,1,0.99772495
6b169c7701fe7de41037bee130dabfa9,1,1,0.9999815
35658d6d52ff773b5510ebb742abf630,0,0,3.1198637e-05
4803534404a241e1f49e758a439ed905,0,0,7.176297e-06
fa13a6d7d6331e99b472fd504b95e617,1,1,0.99994135
971ff30f42ee7df804e3c4c5ad494ad1,1,1,0.9999757
6d0eb84c84e6f87a727684781eab360c,1,1,0.99997985
c613d87be63f1d64cacba6e64fbcaac3,1,1,0.9999678
32c0f8c45799eed3d609b05634448d5f,0,0,1.3923306e-05
41b6016bf84bbc8fb1d5e1a91de6a993,0,0,7.887472e-06
e619bc5af1d89e9641538d077d42c127,1,1,0.9998306
7d4dbb0a09828163ce448296d7d8c1e5,0,0,3.6841564e-05
6218aa5386ab574b26518fc2f8ecdd94,0,0,1.1991942e-05
2af182467dec39540b0ee1c40a7b5cee,0,0,1.0380544e-05
386eaaaed2792ed74afe445508742157,0,0,7.4764766e-06
eea7dbd90a92f569800033bf8e67f9a2,1,0,0.1255101
0d57fa1a74ea5be13cfd1d9da711d9d2,0,0,1.2590101e-05
1ff2859ef3b089201f9aa8e8d2e2b889,1,1,0.99997556
a0a75200cc29eef8cadf367c353dc4bc,1,0,0.02164449
a601ae8a016a19275fcab325b148361c,1,1,0.99922466
7a6dd9d0ec27a3d192313851fb992299,0,0,3.1428455e-05
5061cf53cf9cd1fd944e1dfbce0cbcc7,0,0,8.495526e-06
a1d0d2d42712fc2cd3f66c399da85049,0,0,8.6973705e-06
184db81f6237d1ac9a1a32a4329e7eba,0,0,1.0679375e-05
6e25d177206ed23bf69971e8c73a6601,0,0,9.351472e-06
0d4b187c284763138d36b26b6b22ec76,0,0,1.1420286e-05
a78d47b8708ace894803249899126370,0,0,1.0000752e-05
a1d74568cb44685e3f971584ea0e5fbd,1,1,0.9999788
889e2e4ef6eb018805b7dcd416fd3b43,1,1,0.99998283
ec75e03419c5fdf7707eafb7635c0144,0,0,1.1469949e-05
11c08e04dfe5207d28bde087f75cc075,1,1,0.9998814
2953a6c3d897c9598677c9e9a2ad887d,0,0,1.1693761e-05
bb3697530de171cc417f9f215784e51a,0,0,1.0249652e-05
c37b40ec92e4300b9192173467c61d87,1,1,0.8545439
c475aacdc38b26cae01ee9d2c0e54606,0,0,1.1495617e-05
1c1bc94e5c81c3dd815a1a260b77b26c,1,1,0.999966
e8ca25e858592ddc5a95eeb77534d153,1,1,0.9999604
81ffb220c57b6b01b16edb73f9252353,0,0,0.00025455438
de782d44aa35b5761253cd76f99e32ad,1,1,0.9998548
641e361d846054fcbea3e72cf9b14a67,0,0,0.0015024793
c01e0e0ca02975162a98e651ad0c240e,0,0,1.5049556e-05
2c33906f6394092ba4c710f4f2bac427,1,1,0.99996793
db0381731bb428308d44a48b924e777e,0,0,1.3344347e-05
ec7376d7b9876265f2cb0d2dc141df51,0,0,1.3520019e-05
36160c0b07b67102f5ce752cb16d1768,0,0,0.00014483655
d5715e5fe65fcff9805d66d35b0ab1f4,1,1,0.99997735
4b45cf51cef04e2f570d7fdc60963bde,0,0,2.2535256e-05
b3f32f5c60fbdf4c7d11b1b8161262b7,1,1,0.99996436
34ae7720fcb85fba6c981004ac8edf80,0,0,1.939229e-05
6a59e9c537938d99de014be04edf5d27,0,0,1.2840056e-05
f5ecdbf83052183a161ad7b81ee977d3,0,0,9.313983e-06
be9213eb78b9434583f1816e0e57b194,1,1,0.96750736
e4fc45a752418cc455862790bb9ae045,1,1,0.99997365
4697f56226191f370fd360ad65aeb940,0,0,2.610897e-05
c5d4eb5e024a975be945226b676b8f27,0,0,3.4980396e-05
e5f862435a5b01fc2caf29565c42128f,1,1,0.9999833
6e72e00ce23b973dc56b86acc68daf58,0,0,9.226567e-06
c81102468d5d7dbbf405ef2632052a76,1,1,0.9999721
c2bbe5c8d9cf00e64076a1c38909a2f1,1,1,0.99978894
5fc78bb6ae59b36f0995be5d26a73acc,1,1,0.99997556
1d5be4361cbe510e2b874528a81225e9,0,0,0.0012431324
fdec50a0b2c23c18bb05baf6c50ffb9a,1,1,0.99995637
81d99b7481f0075284c22079cf3a4a11,0,0,0.0009480845
21609efca76db610f12e55fa63abcb6d,0,0,0.00026836025
5d4a889181a18bdda384ecde108c6998,0,0,8.29895e-06
727ffdbcc46d5a1ee745a2db343bf0da,1,1,0.9999522
348d130066aeef564ad5db1bd246b124,1,1,0.99998355
9b49f1be0c91e73bc3bd36129d2983a9,1,1,0.9998616
fb5aeb485aff11013fbaddaee2e17455,0,0,2.8054172e-05
4ea44717d99f1edd0ff2cbf06823b337,1,1,0.99810565
31b416b269d563e2d83dbf79200975cf,0,0,3.108614e-05
1b77e89d8caed15d3dd05214bafca727,0,0,6.9985006e-05
b17afa290463645a3892eb07c7ebb099,0,0,8.174434e-06
6324ee0177ffec0a1a163a9d1870277c,1,1,0.99997854
6165ab8012d61abb464a80212aefabe8,0,0,1.903645e-05
72c9aeec09349971ce69268c5b3bb414,0,0,1.5422173e-05
aa8882cbdcef9a8c4c23ba982aafe53a,0,0,9.770541e-06
f71064a9f2cb3441ecc724ee1140ab59,0,0,1.8030953e-05
383bb11204fcbf05ca9be09760ce25f0,0,0,2.9865763e-05
cbcb83fbc242cfacfbb3c3a6148daf85,1,1,0.9999722
efb7e1223ac0a8b8a5e2342dc25c7767,1,1,0.99998
63a4b4d1802e0f3f28ebcee195ebc1e3,1,1,0.99997234
d3f19436f18408673ea665cda1d447aa,0,0,1.311532e-05
67a6085a29212ecc105124e2e96e961b,0,0,2.1274416e-05
60ea9915f1820f2afbb3884bba46259e,0,0,9.41023e-06
402d45541c2a35d1a426b9bc00593e88,1,1,0.999967
dc1513feba9165a6ce5ac4e7cac350b7,0,0,4.298629e-05
554ad419937b2ea503456dd822c84f1a,1,1,0.9999677
96b465576923145ab19378a13e8f1fbf,0,0,0.00081581564
d5df26ebc5dd1b2cf19dd2eebf4f6c78,1,1,0.9999529
f88e25a93197f5e3d0d5574a0f5b4390,1,1,0.9999503
4fe87d9c094fcac1c172c6cab0ef5e3a,1,0,0.0039261864
6e51331a7c706d5fd061553e839e34e1,0,0,9.1058655e-06
5179ace8ba61292a21ad1a1ef1828cb4,1,1,0.99997103
767fa2d947062e08f761c7d01f41837d,0,0,9.302293e-06
95a07af6b38aaa477ecd53bc91bdcdfe,1,1,0.99996305
ef6328b14858cf1a6482ad9e60978b76,0,0,7.508523e-06
de21a0b461e241e90b3998ac21daa95e,1,1,0.99933356
a49aebbd7ca2a470a4ad16fd2b56e664,1,1,0.9999521
9e66c3d18b3d45d23e0ba2ede284304b,0,0,1.7637509e-05
05e82a894f337100834ee4bfc3a8b473,1,1,0.999908
375fd515b7f9a18b8b20ca7f10557472,0,0,1.4948799e-05
85f073b09979c34d32dc6c2134e5ada2,0,0,1.4104339e-05
24f2ee3c6cee24036a69d22a18bbeac2,0,0,7.1152035e-06
18f8d27a3f333f80d6ecb0f1c726d66c,0,0,1.0122709e-05
cd2ea74142450a6c0ceeba47a669f6a1,1,1,0.99092954
8d56e5fa007d32150dc9af68955f4391,1,1,0.99997044
991479ec7522eba8eef72e0e3960e27b,0,0,8.427998e-06
0c54ca4688bca25798371263f6116c70,1,1,0.9999752
e0044f0ba2fa71cf1ac1b3f2921c65c0,0,0,4.8110214e-05
7738b5912c4688ee57cbf07cf15bda59,0,0,9.941008e-06
00d7fe67eda189069a15a1d851bf6d59,1,1,0.99997556
5b17bd709da8fa68abc1d65b3fc5ba0e,0,0,1.2992512e-05
2cd4486e699f3c4abc19cbc52c021908,1,1,0.9999541
eb3fd9276eab1277e6665094461d6d57,0,0,2.8032642e-05
cc62c6de223abba36ba75b925c8cd34d,1,1,0.99963725
dfecdd2a03bd1a93735cccd29f97e5c4,0,0,1.130126e-05
b5473aa913307fee230c5a5cecf6c677,1,1,0.999984
63d4f10d1b772518e41d549904b9912f,0,0,2.6282694e-05
ceae5f9b4528db18f70c4820c46e1125,0,0,1.3374185e-05
3eaf1f6940a35b35fe0e04067f965eca,0,0,1.0501704e-05
f1e7e03af631965348a4eee42263f659,0,0,8.734618e-06
b4bc52effae77972b3693a18ed7f75bf,1,1,0.9999424
d3d4e5f1556c2841182977ccf2e4e974,0,0,1.2303606e-05
9bad571c9f74496e4f7983dde5aa71ba,1,1,0.99997735
f85fc7d881b74c04e413bbc20c827f29,0,0,1.0522547e-05
a6f645622f93b8cf292da99de428f6c9,0,0,1.5429234e-05
af1605f6054a3ba2cda9da4a1dff89f2,0,0,1.6784546e-05
2b7240cf8b91c6cacf3efb82055b660f,1,1,0.9999356
098f8ede0ca4de589d0886ce20ae74f5,0,0,0.109764636
252fc534d2d7bc9f30e01582320b2ae4,0,0,0.0028878257
407ca3844b8a88768dfbc6f0ed2b2701,0,0,1.5608439e-05
ee19a8a19070e091cdfdbe4f82ca488f,0,0,2.3816043e-05
1b82154780fc1d897ac0be6672ed20ca,0,0,1.01446185e-05
e16013a8dab6af9575d8bef50c2f03d7,0,0,3.38609e-05
19809863158fcf2f8ebc89c045b72f74,1,1,0.9734812
95d42333077242092af2f1f63a2c2dc2,0,0,2.739112e-05
3da8d27257afb6009ccbe0702a3522ac,0,0,1.0911919e-05
9d91644e8cc660efe2dfc0602da28b1a,1,1,0.99997985
82eab766faa7091669695fe299983be0,1,1,0.99997973
912fdeb000854c0125bd9787af7090e7,0,0,0.11306821
6aae62f0028b72e3fb91fdb37b0f9606,1,1,0.9999716
2528127bd4f8cffd53cd108a1e8dbea9,1,1,0.9999708
545261b60e3efcbd29c83650f9ba07be,1,1,0.9999629
f41e6d5ddf172e5fe4eb216b06b7cf95,0,0,1.0438668e-05
0a25688d62d4dfb5dcd6bac00eb08291,0,0,7.0888977e-06
c618ed8d1a73005219281e4f58972b98,1,1,0.9999765
0faf755a4c3ff3a916dc99759d9ccd92,0,0,7.3554715e-05
d1895aa84d01e065967b29d9b2c04de0,1,1,0.9996928
848b8450b077a5c82df20ba3ab4af2b4,1,1,0.9999536
38396590fb3b0e4fc28e562a9cc21665,1,1,0.9999449
9f2e79b7682fc3ac465a357145e6f4ee,1,1,0.99944395
36d972312e32c85c354ca3c6e6781705,0,0,1.3221487e-05
0c8ade63c91dbd812a125e7560719951,0,0,0.00019099901
e312e84ed6d8b4e4f52e381b62dc4962,0,0,7.698304e-06
09b31c30121548480369988a8c2cc604,0,0,2.252434e-05
3867ff3835360cb26624cdc05a75e764,1,1,0.9999615
9476fc62ad1ac46030efaff12ab0abe9,1,1,0.9999279
43625b1c354227adf8d70bbeb15693e6,1,1,0.99997497
9ac164f41662bd27ffaed434a0489b17,0,0,2.4520576e-05
65e29a7d006a1ae7bfed455204deb929,0,0,1.0313661e-05
96983183261d47ebb307f0351bd670d7,0,0,2.2353941e-05
b719985aad2e8a99df454569855a42b4,1,1,0.99993145
ebc083a484b9186f46e0e81d5247c237,0,0,2.4426705e-05
3ab83068206d23939af2b75a753f8c8e,0,0,0.00030463425
176da521022b3e2e43d097553ed52843,1,1,0.9999552
5f70f14f218aa57156d6d3e2f36f2de7,1,1,0.9999813
f4872fe3364209f4a42c1fd5fe4148b8,1,1,0.9999559
9fe515c38517e17b34f5c3b7d8618a28,1,1,0.9999796
5131e96c23cf3182546a01ffab9637d8,0,0,1.0960605e-05
8db7a7c5a56ba96865ff7b6733515b39,0,0,8.8048955e-06
79ee911705e67e00719fd5e4b47e8c00,0,0,1.9183504e-05
49ef1b9e38e8c623be9bb94e88501e14,1,1,0.9999585
a38f1727f2f4a8223426cca41a4edde2,1,1,0.99964976
35f32446de2d8e30c08cd39a156c9ca0,1,1,0.99997544
ab112e5269ce6eef1c723c8b744eb93c,0,0,1.1072092e-05
35f5e3361e2b7b5942a4af3c66a74b79,0,0,9.0263e-05
72784f4e90aa3dd953068252ac3e4655,1,1,0.99993765
a332495b88c2be743949197ec89748f8,1,1,0.9999474
e73892ffa2c0041ed84b385358ba8626,1,1,0.99997294
079a238364815392ea3e7f09ff3beadc,0,0,0.0001667976
46ee1b6fbab5198485833c313cf0d9c5,1,1,0.9999136
926fc39b280fd3b10bb7c7a8e97e97a6,1,1,0.99994195
5344194f04ed7187774ee2fa6f215c77,0,0,9.928615e-06
588e738e5a8ccf167181514dfea494f2,0,0,0.00043509
33050c189555406bb2b3055a3c1928f6,1,1,0.99990475
592b61b3480ee1d30aa3903c52abf4a4,1,1,0.99998164
27d2648e58a1c7c67650f5ec1c546de7,0,0,9.1519905e-06
3dc8536ceb124c3d45be397d7dc68543,1,1,0.99996054
74a85d637bfb91c2ffbbe1e1ce75ba97,0,0,1.1481375e-05
eaf4f296448f7fe9e16787846241a369,0,0,2.8536551e-05
6b918244d8e45f1f25a69ee5d88767d1,1,1,0.9999728
55f93e2171c70784b15d7a8d01e41219,0,0,1.1736753e-05
e48aaa8a5a5b66fc35e0bacbef9be113,0,0,2.4308725e-05
b01565c28d9b9ac8ad77421e5ddfe232,1,1,0.99686867
28f6ee7954b06bb4651d16a4a700cd2d,1,1,0.9999058
6dc9c5f99126891cb768c05230f74b27,0,0,1.0051447e-05
b6003b2dba8f96cd37303a648acc9e71,0,0,1.4079181e-05
5aaa3e513e98f307acf9b874aafbca5b,0,0,6.08058e-05
e62981527b05a40eb8df7e1258c30012,1,1,0.9999733
e7d317c1ba99806283d79c0b1777574b,1,1,0.999966
6485255ad4c15315896e654af20a4dff,0,0,4.581382e-05
ca73b1afbe86ae64c1bcbdaf0db13343,1,1,0.9998753
271ee3b501ad210dc40b9802286bc16d,0,0,1.8720782e-05
e2ea9173e557d3f6e4a3fa6375c9a4f8,0,0,0.00036608698
75f517608228ec5414a31dc19e3433fa,1,1,0.9997485
0d65ebd6938006e33731768354b5cc40,0,0,1.9524732e-05
5695d45c9720274847a1782c0874b380,1,1,0.9999578
c3069d4767482a0db456aebed5ee76f3,1,1,0.9999801
5f0d38237b48e3d81a071f5934427234,0,0,1.7143486e-05
89a7e80bee181ed06bc657412856d876,0,0,7.76391e-05
d1d212052b71f7a3dd3a10e0d1d90692,0,0,1.7803697e-05
7f82db2ff0cfe6bdebfdbab831c20382,1,1,0.99995565
3487a67660e980ea99801b508ecdf1c4,0,0,1.1118055e-05
97b8584faf5d1e417630ff0194935025,0,0,0.00040948315
59d31ffd7446863fec330310094042e8,1,1,0.9999713
9bab1d2e76ae5b191003eaf1a720764f,1,1,0.99998224
c2b1b2ea58c7e463764b62863cdc66e0,0,0,7.1019334e-05
4f743f55262c16da70b2fbcf896a59d9,1,1,0.99994123
8398dae76542ccb9d35ef7005e084483,0,0,2.1897016e-05
f4770e280a950ed0ba0264f6b5df8d6e,1,1,0.9999634
3910605ac44c61a7fea0c49b248efd1b,1,1,0.9999529
757aa2784517c90b01b6c74b72d0ca2b,1,1,0.9999653
4f1d7b47e518c7e2f93fda33a17d38b0,0,0,7.590513e-06
8397ace70e4f54d975934be3033b790d,0,0,1.8733497e-05
26916bcb9838fecd4fb83f6d3efcd120,0,0,2.1234624e-05
6e63f9332257df32aba0297536f09036,1,1,0.9999417
8d757a51fe4a6c0b8c8854919a7607a1,0,0,2.0158875e-05
209f0e77ce8d7adc86f3d72f0308e409,1,1,0.99998224
1c9cce7181cac60ebcf489fc8b834228,1,0,0.40219477
161d895f1d00c8616acc46ac2a2b3b3c,0,0,0.016391318
8c3fb40e2235409ffcea1bcc207a371d,0,0,2.3613567e-05
cc7241a12a7f495f726f3138aa32cd85,1,1,0.9999577
30055309f9dc8713a2cde4defbb07ec7,1,1,0.9999397
81c7d02e96561dccd3118304249d3714,1,1,0.9993574
7566b77f4f4255cf38c6129c3d5ee2b2,0,0,8.211783e-06
99bd88a08ac2efeedf7d8490c39d8ed5,0,0,1.8503848e-05
b78626476ee7cc79d87cf8e9451e1465,1,1,0.9999169
43172d48934ef7d1fafb388255a5c25a,0,0,9.498226e-06
43ee5334fa1dc4f78f21734a602d34a5,0,0,1.3894682e-05
095dac868819638f6ed39078c690e20c,0,0,9.564939e-06
ce881d19d65d7e47adcbf9c0680e10c4,1,1,0.9999187
56111d34c7934dd9325eae60c3eccdb6,0,0,1.7010954e-05
f2da6e0ea1b3f1cfb9b10cdd8e12578c,0,0,5.093018e-05
3df8d68087475e9d69792ebb5e10d54a,0,0,8.9089035e-06
ec53e1ec91e4ab415d649045f3bb04b2,0,0,0.00017548303
4d6d050988734214a57a14e80864bf27,0,0,2.0002477e-05
2b68705d3044e9d5647c2d71bde10033,1,1,0.9999455
639080ade4b4737fe997fcf5bf4c1652,1,1,0.9994562
3095017ba9e35cda2212c462d4994734,1,1,0.99997115
e72bddca6f021a90e9a379a2e3b08b06,0,0,8.462316e-06
2ed9c358c67e08022bcf8e443a91610d,0,0,8.076611e-06
b323a1f9f1592dc7c6fbe0327887a2fd,0,0,1.5417701e-05
43cd4e2fd54712ece036c0342c3338c9,1,1,0.99982893
1427827ba726379e66414b928b0d81ea,0,0,1.3711423e-05
eaf8a9dbc00f792e5d9969623843a94a,1,1,0.99997795
ad2ecd3b9fad82a52c37eedb04f24e84,0,0,0.00010804214
c4accd0b4965006b311e8eaec32b763f,0,0,0.048053704
d2542c1a630187ded1dc214ffc7ddbf6,1,1,0.9999746
711301615660dbe9a99816afdcef44b7,0,0,2.8390026e-05
6af1d826b4303a5a8e3899b858a36d53,1,1,0.99997616
2a75ffe0ff915ca00c913cc5c4035826,0,0,3.5720026e-05
dead563a8796639c95aed53b2e89236d,0,0,8.2415245e-06
377a57de8b277bd55f28c9c0ae7f4c65,0,0,4.8429076e-05
8133726ec0396fa3d70bfe452851395f,0,0,0.00015740609
94f55a8991e1dbc60dca25bb0b0bb85f,0,0,1.3129011e-05
573aa25640e6f80dac74a4c19eb06b28,1,1,0.999979
fea8e1a95c458d3264058a676e03f119,1,1,0.99994254
093a3491708a5b93c7bc78437c46b080,0,0,2.88234e-05
e0a929c65d1387bcffeaa617102b6092,1,1,0.99978167
f7d7e7ab0e283681143670f27969d1d5,0,0,0.00071916485
7a3e9564ed19fa6869f5e7d632942856,0,0,8.9577115e-06
d883093b769593b99868ff7f79cec446,1,1,0.9998754
9776302b1b8c31ff8f1334c2c7d95422,1,1,0.999969
d9ba7ab87d32d608a1e1b0d2b31efe65,0,0,4.537225e-05
64a9de0634fa51d3fb2bb858e6ff6e60,0,0,1.694887e-05
6695580255cdc545c1a3375ca009661a,1,1,0.99990654
ab1545ebe75414af07b25b2253455324,0,0,0.0010396647
94c00c0d32c89db652402296b08145ff,0,0,1.0745043e-05
9b9cea60565e182059775a72351f2073,1,1,0.9999641
590f54031de17d39aa765b918e58ea75,1,1,0.99986184
ff44fea0a1c82d7d6f83c8a76eaa9fd5,0,0,0.0006334474
f16ad3f4e16a543ae096b8920769f397,0,0,9.325575e-06
ec70e7db2f6d8e8974aa49f90f4b53aa,1,1,0.99984133
81b929c7b95bead2e1a1f542fe43d34d,1,1,0.99946934
4a8b7d6e1c900b759fe9a4490ca07d66,0,0,0.033390492
43d894e40610b1e7cf47df2fd6642930,1,1,0.99998426
ad15c06aa3ae630adf05e7b11e3fa597,1,1,0.99995303
ba24d1891f4743e1267f04516ab95032,1,1,0.99995863
4c037f88446760eb163ece7a8d5d3b3e,1,1,0.9999776
af20e66fb8fe808be4d9c79a11b2c005,0,0,1.3596292e-05
02493eeeb66eb4e2e5a4dc629898f425,1,1,0.9999416
877719f0a19feeb58ef53940df30e440,0,0,1.1886294e-05
3b343a3bb7e69d5f51f16735c152b11a,1,1,0.99940944
05a52e8a4748b595a86bb6aee16d239f,1,1,0.9999572
b8fd0ea51483f6ba192705955b1d1436,1,1,0.9999844
4e9700e13880c39479e9b292990f3b38,1,1,0.99988735
68f3f0f1581aba6b1cf374b24f983f2c,0,0,1.9139283e-05
6790a2886d2c91b2b47870108f7356c1,1,1,0.9998361
de5018e9ea57946c35f5b7548d8e6668,1,1,0.9998677
19e38362107700a3d9c511faadce59c2,0,0,2.0823916e-05
4c8302afb0f1ffb9e174fdbc75d5ff44,0,0,7.848094e-06
ea075ff6cd7c6efe0f2f51d84d9f66ba,1,1,0.99964464
8776e3828e1ed2bcc0e01fa30e1c082b,1,1,0.9999095
f1766daafe219771d9816f9920360817,1,1,0.99996436
493f10d4e81286ad4ef33237e0b79457,1,1,0.9999752
a1ea3435cdcd781f75f7717db988d0a2,1,1,0.99994063
b70a72eb18e86cc702bfe11efa35bc34,0,0,9.674502e-06
17f5d37f933e288ba66c5048b5b1935f,0,0,1.45289505e-05
2988daf091e477afb4ed5c0d3071a1a3,0,0,8.030468e-06
2c5cd96330ce9b05b03b26e7779b669d,1,1,0.99998236
e1d029dca4ebe0b178ee4479941c26ed,1,1,0.99996495
2b5d70c27deb68127bcd90e3247d9b8c,1,1,0.99998045
5bcfbec1f452b02131a8d3f02573011d,1,1,0.99992824
b5c3a56d93056e26db1af892cb79b36a,1,1,0.99998116
6a1a83bcad27356275fd3ef9c6597804,1,1,0.999941
eaefbe464c03a01e141228e638a22fc5,1,1,0.99986565
e824e7248063a041efcc0487be731579,0,0,1.13676615e-05
1a0565e9094b7c1403b6af0b6e824915,1,1,0.9999007
2917a7ce6b11a9f37eeab4affbc02ba4,0,0,1.3890231e-05
0291128b440a92d34b259b039efd257a,0,0,1.018683e-05
c5203be77f133bdc3c3349b2abe50842,1,1,0.9987942
0589441aeb7a36af7a52bb0aa2527608,1,1,0.99998033
7a4dee965aa0323680d8ecccee59a8ab,0,0,3.8459628e-05
ded017c20225041b0766e76a1e5b13d2,1,1,0.99994123
0c3a299013b8e21506ccf735c028b2ac,0,0,7.0524716e-06
b78ab3ebe09d7a3e9ef4f70f38cb0dec,0,0,0.00018100237
a6ac64212ffa84073f9552a6450ddfd2,0,0,1.6898306e-05
c3a09d2e044edd16a8ddaba302e7ca5f,1,1,0.99995553
e711d6d77cca31450feb2a32b0faf218,0,0,9.534166e-06
ee90dd767e0fda665f72cedaa3b68d0a,0,0,1.4716819e-05
48d4164d0d2fbcd491c93ae513344d97,1,1,0.99990654
4e8e6f78540c72d70a6f59994606f854,0,0,1.2579263e-05
957bc9834a844e5c01fe475dcae4024a,1,1,0.9965503
56fc26ca4072a59370df8d1c280db721,0,0,9.6328795e-06
c78938c78da0dc13f2174a34f87f54a7,0,0,0.002800465
14ecf10722a8ed0791894e15f40d740b,0,0,0.0020961491
ff88d071b47417713a21ec3bb1637510,0,0,0.000106558546
b72165f5d5021ae3b512155a3cedb136,0,0,1.746774e-05
93f444e40fa9f009b00e271f546bfe7f,0,0,0.00010255224
5d1c867b348830fb8f8e3237d5f71944,0,0,2.589325e-05
3c1033de47cbe479ab0c754f6c048a56,1,1,0.9999082
153e2e2cb7e813f66553cf156348d45d,1,1,0.9999553
aea5576144e01b982bc267482f4753a4,0,0,0.00016382438
165002b4f682ca57869c2d47d47f5819,1,1,0.9999596
b0270785547a0060ae28771ffac3e4c8,0,0,4.606291e-05
785f314199a99de7cf87acd0a0d47162,1,1,0.9999287
b5dcb4a808b43bbbf158676af11e1f3b,0,0,1.1809035e-05
3bbdb23e3d79021dbc11f863124c5472,0,0,2.7056783e-05
25da977d4ae25e941d8cc1263d683695,1,1,0.99978274
dfef944d0f020d9a4d7d5564bbbc5c48,1,1,0.99981576
2e8bfa3928a18ffb210ebd4e58f764ab,1,1,0.99993825
fbc05756581652d765f27101436c251a,0,0,3.9546612e-05
d746c2ce634770020c1cad37b1e5601c,0,0,1.0684978e-05
5adaef885ad063d3a5479b9bc1a2768a,1,1,0.9999664
a1f46527bf55e9f3782079f00b48b6cd,0,0,1.716577e-05
399dbd7e4260ed73784900be91390519,0,0,1.0117613e-05
d9217c11cf2963c94ba433cef14e3297,0,0,3.6736594e-05
b86affb8cc024bb60ec9e12d681f7c26,1,1,0.999866
a8d82deb880be59f3532e560f8b730ae,1,1,0.9999814
69eb804add1c3b198b78677f76cb7d5f,0,0,2.2383763e-05
61f0ac9ed83525da04e1d8557379eab9,0,0,2.5058614e-05
8e4a1c7cdd43d692e91c08df6877e137,0,0,2.1352465e-05
aedd2f332b8c35b3b359423648c91cd6,1,1,0.9999827
421cca0d0601d14a1658eecacdf86cdd,1,1,0.999962
823d61f45d4495cce7114935937a52a5,0,0,0.28470746
6e99a01bd67a6d7f9627d688d8eb0382,1,1,0.99998355
b6f29cf19da44f5b5c080b7284027d75,0,0,1.873709e-05
61d6d0a184a151e4245205f7e6e395e2,1,1,0.99992824
0b1cddd5c88b4cc192a98b9e323edba5,1,1,0.9999367
a3332aaabf76852350fd2a91d9553fde,1,1,0.99992204
6c0b54cc4977db37d469fa16a85f7501,1,1,0.9999347
aa60ab83dfd2b45eb005a3b1f98e1050,0,0,1.6133565e-05
823a0207510eec5c4ba90aecf38a751c,1,1,0.9999567
fdaafebd5fd893808c8217ecd3c9b8e6,1,1,0.9999424
656333b8a754ea5c327706d9c71567cf,0,0,3.877945e-05
bd70ce68ff9531f1a2396e9689e8084c,0,0,2.1404636e-05
7d3473638bbc1b6a33ea9927a18f15e1,0,0,2.7905895e-05
b1ac6fd8adfefc5e0097e94f83ef7689,1,1,0.99998057
d6f64f66a2f5b8134eda1324e8ccede8,1,1,0.9999708
a2aad082c58f95054d7fe76845036e9b,1,1,0.9999329
54b46ee99796c45b211dabce612e8a2f,1,1,0.9999722
68afc9360aaa0e34cdfbbfaf62acccdd,1,1,0.99990904
9b71c2bf3372cb4bfd8314006608fd9d,0,0,3.491131e-05
a4ef0a45d9094cb75e045f88c82316fe,0,0,7.919808e-06
af7f331a1b752bd3c2aa89cf29c99883,0,0,1.534787e-05
4ff8818bc85fd325e43f1680c7571999,1,1,0.9999112
08b37115102443ec35b7f216e4d320d3,1,1,0.9999503
5371bec68d689cfc1f482d2dfafa9183,1,1,0.99997914
1d9e845f12c5fef3eacf8bea138ddf47,0,0,4.3072338e-05
f2ee122b6f9328e4699af1b2d5be019e,0,0,0.00016276636
999f8d6e33336b4f6971a8a047a92477,1,1,0.9999776
ca9c3cf3c5a7e2b11ad82e37270abff4,0,0,5.280227e-05
4ad53644a93d8da8060c3959ff589103,1,1,0.99991226
77f2c7b39b3eb094f199b650ff3039ec,1,1,0.99991703
9b797bccdc2074b7be0ffe0a78b367d0,1,1,0.9998946
79987c735ed2206aedcfe8f3026dccbd,1,1,0.99995935
800b6ab91ff486d77f100e68405a6b9e,0,0,9.211208e-06
f47a2854726423780fe8e3d37e6ee646,0,0,9.7501e-06
3f90174416be0015bb9ec5c8985bd90e,1,1,0.9999831
bc1faf0939e7f0c2e5dfba25f2123b93,0,0,0.00050212943
717890a05ca1a3c8ce83d8e82c7a563e,1,1,0.99953616
ff321ce94fc056d4eb0813dfedd996f9,0,0,1.2221279e-05
eef84d7a5cf2eda2e708e96e310d858f,0,0,9.095755e-06
51a3be73a30ebfb901b3904ca3900c89,1,1,0.9999819
9a0fcc4f46271a04749715bb6eae488a,0,0,1.2216118e-05
698ef9792ba09723691d9ed18d759cc9,0,0,1.8176526e-05
627686190a4d6864d34ab5fe369abcb1,1,1,0.99996054
caafd0f3bf9b35cbd9e100063ec064b2,0,0,0.0006934049
82f4a02ef32081ff930c84015f6d8c30,0,0,1.2921771e-05
186c9bb11e6d1939ad4bc602e00ab109,0,0,6.9728217e-06
59089caa7cb7b12480528b3f76df9ee0,1,1,0.99997663
49c203e24231a4dfdfbe6fcae7dec69e,0,0,0.002772087
d134f8278cb001dabc6b96ec49bb11ec,1,1,0.9999703
2ab86f8b2195d133dbd8a5784473ae55,1,1,0.9999031
3fa6118a0fcec0be867b0e662b85bf11,1,1,0.9617216
46a7d6f76af8405bf9efb8f67e6f884a,1,1,0.9999603
0f61f3624c5b84a92138da9b28f49d0f,1,1,0.9999678
9359aa3c17a8244e6b56a4117aacec77,1,1,0.99974126
43cd62310c5891c46e24f559f2290190,0,0,0.037249085
ebfabcafa8906dc4a2aa0be2322e3df5,0,0,5.4726308e-05
f7979a9cbc8f09094d60976ebbb7df99,1,0,0.0020793916
ce7c0f7aee011a1b562d370350911326,0,0,6.464872e-05
b00519ee46bddccbe71649197f58a0ce,0,0,2.0319481e-05
9ccaabd3b36e2b3074903fbaafa2888b,1,1,0.9999747
9256d31b0858fd3b6fbf28c804633d33,0,0,0.001247987
0273ad372c3b284f87e8ab4783770e31,0,0,1.3851102e-05
7e9c7078124426123095a9c7c75cbb58,0,0,9.4736315e-06
fbf8735bc9a48c5cfb9439bee7c8089c,1,1,0.99989915
a8a39e4547241c88cbad2625016f86ee,0,0,9.436894e-06
d35660eed182ed5ec94cc2e2b9a48917,1,1,0.9999138
4deb73174a8a155a7dd1c200ce509996,0,0,6.9367343e-06
15f0dac410ce965a925742e4ca5de4f4,1,1,0.9999441
98eadd53f8c514953288c433c0999cb6,0,0,0.00019864127
4c69e314da65ce33588f8375406eee95,1,1,0.9999076
44b44e4be4be879a01e68b4d96fa63d1,1,1,0.9999547
9eb0b1098cdd7f6e1d85bcb97062473a,0,0,9.379301e-06
e29677e70b818f8072baf88d04725d63,1,1,0.9999541
2e62614e43b30237451917336fc751bf,1,1,0.9999573
b61f8c7608e69d598a13fe51133a0db8,1,1,0.9999796
849d93caf3fc79258dfe52e503a23189,0,0,1.8827652e-05
eb50c63d15ceb04698c05a5f79f2e67a,1,1,0.9997286
78cfaf6802e012643a50c9d5e7ba82ed,1,1,0.9999366
0ed261da9e5bd3e46a845d6e4c456263,1,1,0.99996245
25f3baa8f359bdae040da58080fb085a,0,0,1.3749135e-05
83673a67f1a290073c24fd575d638fc0,1,1,0.9999802
88b71209da2a5db455f2133e438d0a0f,0,0,9.479802e-06
688fd8c2665b779141bd886b85fc4958,0,0,2.5006406e-05
e9a0b6d727134ffeb747260b35096e21,0,0,9.630721e-06
adc5d9dd9b6ddc28e2e9d6caf3193839,1,1,0.9999821
87bce19688c96fcaf4afa35a40d2cc6e,0,0,0.000106894906
a519b43655237df8fc7b41f4bd144eb1,1,1,0.9996008
dc919483694c8266b883b32412eb25bd,1,1,0.9999428
2d33dd5267af111a3676ac01ebcc39a0,0,0,9.959387e-06
65233e65dd2679ffea15b95c34117d56,1,1,0.9999769
254a69aa5488bab3c0e4e212706e754f,1,1,0.9999794
a2c4ba37a2ccb73d113ba91004f98062,0,0,7.450953e-05
e236ff894d8140bef190f23c1d2cdbbe,1,1,0.9999112
