label,pred,prob_ai
0,0,4.619708e-05
0,0,0.005541788
1,1,0.99928755
0,0,2.7711112e-05
1,1,0.99998426
0,0,4.333408e-05
1,1,0.9999863
1,1,0.99998057
0,0,2.836302e-05
0,0,2.4339299e-05
0,0,0.000180258
0,0,2.668255e-05
1,1,0.99997866
0,0,3.9013543e-05
0,0,2.8939241e-05
0,0,0.00019412984
0,0,2.3587865e-05
0,0,6.144636e-05
0,0,2.6543243e-05
1,0,0.34437504
1,1,0.9999366
0,0,4.0086932e-05
1,1,0.9999832
1,1,0.9999871
0,0,2.5173704e-05
0,0,9.321026e-05
0,0,4.7587168e-05
0,0,7.3732175e-05
1,1,0.9999814
1,1,0.9999858
1,1,0.9999801
0,0,2.6083413e-05
1,1,0.999984
1,1,0.9999862
1,1,0.99998367
0,0,2.7800072e-05
0,0,3.4125424e-05
1,1,0.9999852
0,0,4.8709004e-05
1,1,0.99998236
1,1,0.9999852
0,0,2.8129101e-05
0,0,9.7248485e-05
1,1,0.99994576
0,0,2.666899e-05
0,0,3.0888914e-05
1,1,0.99989665
1,1,0.99998105
1,1,0.9999745
0,0,4.064412e-05
0,0,5.6612054e-05
1,1,0.9999856
0,0,0.00013327836
1,1,0.99998605
0,0,2.7701413e-05
1,1,0.9999845
0,0,3.2666736e-05
0,0,5.149512e-05
0,0,3.6416182e-05
0,0,6.720885e-05
1,1,0.9999838
0,0,2.6122992e-05
1,1,0.9999865
1,1,0.9999833
0,0,0.00018608927
0,0,2.582735e-05
0,0,3.7499376e-05
1,1,0.9999865
0,0,0.00012711211
1,1,0.999977
0,0,5.4942848e-05
0,0,5.222497e-05
0,0,2.4827576e-05
1,1,0.99998474
1,1,0.99888986
1,1,0.999943
0,0,4.3598535e-05
1,1,0.9999862
0,0,3.5637826e-05
0,0,6.4647546e-05
0,0,3.234534e-05
1,1,0.9999856
1,1,0.99998474
1,1,0.9999783
0,0,5.934177e-05
1,1,0.99996495
1,1,0.9998362
0,0,2.7270915e-05
0,0,3.6585632e-05
0,0,0.00015257283
0,0,2.8948683e-05
1,1,0.9999808
0,0,4.4817934e-05
0,0,2.5652824e-05
0,0,4.7954843e-05
0,0,4.312601e-05
1,1,0.9999757
0,0,2.8158409e-05
1,1,0.999974
1,1,0.99998724
0,0,2.9482495e-05
1,1,0.9999826
0,0,4.5980923e-05
1,1,0.99998105
0,0,3.0486206e-05
1,1,0.99998605
1,1,0.9999857
1,1,0.99998045
1,1,0.999985
0,0,3.362025e-05
0,0,2.7684195e-05
1,1,0.9999865
1,1,0.9999765
0,0,3.0711595e-05
1,1,0.99997616
1,1,0.9999844
1,1,0.99998176
0,0,8.770047e-05
1,1,0.99929607
1,1,0.99998534
1,1,0.99998593
0,0,3.223559e-05
1,1,0.999982
1,1,0.99998415
0,0,3.30308e-05
1,1,0.99998605
0,0,4.0472503e-05
1,1,0.9999777
1,1,0.99988496
0,0,2.8563558e-05
0,0,4.1623764e-05
1,1,0.9999852
0,0,4.0543353e-05
1,1,0.9999831
0,0,2.7628992e-05
0,0,3.607179e-05
0,0,9.81739e-05
0,0,2.6467313e-05
0,0,3.132295e-05
1,1,0.99998665
1,1,0.99997497
1,1,0.9999863
1,1,0.99998605
0,0,0.0017386781
0,0,0.049170636
0,0,2.9843499e-05
0,0,4.454531e-05
1,1,0.99997854
0,0,2.5083364e-05
1,1,0.9999852
1,1,0.99997485
0,0,2.8668408e-05
0,0,2.8532304e-05
1,1,0.9999839
1,1,0.9999858
0,0,2.6803054e-05
0,0,6.152738e-05
0,0,2.6718275e-05
1,1,0.9999845
1,1,0.9999852
1,1,0.9999819
0,0,4.312774e-05
1,1,0.9999864
1,1,0.9996952
0,0,4.418064e-05
1,1,0.99998546
1,1,0.9999851
0,0,6.6752866e-05
1,1,0.9999802
0,0,5.0755625e-05
0,0,3.9351704e-05
1,1,0.99998367
0,0,3.2336025e-05
1,1,0.99998474
0,0,2.5059118e-05
0,0,2.5694984e-05
1,1,0.99998605
0,0,2.8411208e-05
1,1,0.9999846
0,0,0.00015710696
0,0,8.355777e-05
1,1,0.99997234
0,0,2.6660804e-05
1,1,0.99998593
1,1,0.99998546
0,0,5.8458605e-05
0,0,2.6992408e-05
0,0,4.212142e-05
0,0,3.0337776e-05
1,1,0.99998474
0,0,4.46968e-05
0,0,3.149116e-05
1,1,0.9999852
1,1,0.99794537
1,1,0.9999832
1,0,0.0016075058
0,0,3.189014e-05
1,1,0.99998546
1,1,0.99997413
1,1,0.9999857
0,0,8.2621555e-05
0,0,0.007178917
0,0,2.9701707e-05
1,1,0.99998605
0,0,0.0008860075
0,0,4.572617e-05
0,0,2.6492466e-05
0,0,3.191926e-05
0,0,2.820001e-05
0,0,5.919358e-05
1,1,0.99998605
1,1,0.9999864
0,0,2.8634307e-05
0,0,4.8009155e-05
1,1,0.9999857
0,0,0.0027563244
1,1,0.9999845
0,0,5.8235368e-05
0,0,0.00010307145
1,1,0.99998426
0,0,0.00019896295
0,0,3.5257395e-05
1,1,0.9999777
1,1,0.99998593
0,0,3.845068e-05
0,0,2.5932046e-05
0,0,0.0024879954
0,0,2.7341823e-05
1,1,0.9999852
0,0,8.445336e-05
1,1,0.99998426
0,0,0.0005951285
0,0,3.316134e-05
0,0,6.3004874e-05
0,0,0.0003698161
0,0,3.5243713e-05
1,1,0.999985
0,0,3.9699193e-05
1,1,0.9999856
0,0,3.4453962e-05
1,1,0.9999864
0,0,2.5796584e-05
0,0,2.8151591e-05
0,0,4.6377707e-05
0,0,0.018461475
1,1,0.9999759
0,0,3.3772023e-05
1,1,0.9999554
0,0,3.776682e-05
1,1,0.9999845
0,0,0.00013270669
0,0,0.00014914905
1,1,0.99995506
1,1,0.99998105
0,0,2.7907545e-05
0,0,4.3514883e-05
1,1,0.9999809
1,1,0.999987
1,1,0.9999764
0,0,0.008343832
1,1,0.9999832
0,0,2.867212e-05
0,1,0.6251084
0,0,3.205084e-05
0,0,2.5663443e-05
1,0,0.17179862
0,0,3.0138915e-05
1,1,0.99998367
0,0,3.586246e-05
0,0,2.8129156e-05
1,1,0.9999825
1,1,0.99998426
1,1,0.99998474
0,0,3.019994e-05
0,0,2.5418849e-05
0,0,3.300605e-05
1,1,0.99998426
1,1,0.9999572
0,0,5.204385e-05
1,1,0.99998283
0,0,2.7171542e-05
1,1,0.99998355
0,0,3.093555e-05
1,1,0.99998593
1,1,0.9999665
0,0,2.7434935e-05
1,1,0.99993956
0,0,0.00011976839
1,1,0.99998593
0,0,0.00022603142
1,1,0.9999857
1,1,0.99998486
0,0,0.00012432883
1,1,0.99998176
0,0,3.1586864e-05
0,0,6.481996e-05
0,0,3.0298943e-05
0,0,3.22189e-05
1,1,0.9999794
1,1,0.9999758
0,0,2.5205245e-05
1,1,0.9999809
0,0,4.5227443e-05
1,1,0.9999845
1,1,0.9999844
0,0,3.3480756e-05
1,1,0.99998355
1,1,0.9999857
0,0,3.0128425e-05
1,1,0.99998343
1,1,0.9999864
0,0,9.238324e-05
0,0,3.4620916e-05
1,1,0.9999838
1,1,0.9999857
0,0,4.0807317e-05
1,1,0.99998605
1,1,0.9999826
0,0,5.1093237e-05
0,0,3.0444604e-05
0,0,0.00017500913
1,1,0.99998426
0,0,0.00041937895
1,1,0.9999844
1,1,0.9999833
0,0,3.1737472e-05
0,0,3.5093366e-05
0,0,4.7909863e-05
0,0,3.8057347e-05
0,0,3.417522e-05
0,0,4.6128494e-05
0,0,0.00014275844
0,0,0.00010321849
0,0,3.0809606e-05
1,1,0.99998236
1,1,0.9999815
1,1,0.99998534
0,0,3.3298496e-05
1,1,0.99998367
0,0,2.6945085e-05
0,0,2.8496655e-05
1,1,0.99998534
1,1,0.9999689
1,1,0.9999831
0,0,2.8626499e-05
0,0,2.773998e-05
1,1,0.99998534
0,0,3.5694353e-05
0,0,2.4756102e-05
0,0,5.0542723e-05
1,1,0.9999857
1,1,0.99998236
0,0,2.4168668e-05
0,0,2.6935168e-05
0,0,3.4442593e-05
0,0,9.66402e-05
1,1,0.9998481
1,1,0.9999794
1,1,0.99998486
1,1,0.9999821
0,1,0.5972856
1,1,0.999979
1,1,0.9999821
1,1,0.99998415
1,1,0.999982
1,1,0.99998367
0,0,6.6490094e-05
1,1,0.99997306
0,0,5.1225838e-05
0,0,3.389518e-05
0,0,2.5091067e-05
1,1,0.9999863
1,1,0.9999865
0,0,3.922024e-05
0,0,2.5302423e-05
0,0,2.8348633e-05
0,0,2.9802035e-05
1,1,0.9999839
1,1,0.9999862
1,1,0.9999802
1,1,0.9999709
0,0,2.6380276e-05
0,0,9.429019e-05
0,0,3.9109244e-05
0,0,3.1654497e-05
1,1,0.9999864
1,1,0.9999809
0,0,0.00015406104
1,1,0.9999858
0,0,2.828388e-05
1,1,0.9999846
1,1,0.9534907
0,0,2.6170193e-05
1,1,0.99998605
0,0,5.0142047e-05
1,1,0.99998546
1,1,0.9999858
1,1,0.99998224
0,0,2.6688784e-05
0,0,2.6462265e-05
0,0,3.248051e-05
1,1,0.9999856
1,1,0.9999856
0,0,2.8793342e-05
1,1,0.9999869
1,1,0.99998116
1,1,0.99998033
1,1,0.99987566
1,1,0.99997365
1,1,0.9999869
1,1,0.99998486
1,1,0.9999738
0,0,2.6109221e-05
1,1,0.99997497
0,0,2.6230562e-05
1,1,0.9999826
1,1,0.99998474
1,1,0.9999827
0,0,3.3350643e-05
0,0,3.8709026e-05
0,0,4.8366488e-05
1,1,0.99998367
1,1,0.9999789
0,0,2.7921255e-05
0,0,2.6433258e-05
1,1,0.9999851
1,1,0.9999839
1,1,0.9999801
0,0,2.4121398e-05
1,1,0.9999852
1,1,0.99996006
0,0,0.00016920104
0,0,2.5187537e-05
0,0,3.6712077e-05
0,0,3.512577e-05
1,1,0.9999833
1,1,0.99997413
0,0,3.446602e-05
0,0,8.598844e-05
0,0,3.1179807e-05
0,0,3.1645504e-05
0,0,5.096321e-05
0,0,3.344648e-05
1,1,0.9999827
0,0,0.00010631435
0,0,0.000198511
0,0,2.6639862e-05
1,1,0.999982
1,1,0.9999865
1,1,0.9999851
0,0,2.9743456e-05
0,0,3.8167625e-05
1,1,0.9999857
0,0,2.697851e-05
0,0,0.0032376128
1,1,0.9999864
1,1,0.999982
1,1,0.99998415
0,0,5.0467876e-05
0,0,3.0400908e-05
1,1,0.9999678
1,1,0.99998474
0,0,2.4856783e-05
0,0,3.0341533e-05
0,0,2.9982735e-05
1,1,0.99998546
1,1,0.9999862
0,0,7.263471e-05
0,0,2.888256e-05
1,1,0.9999863
1,1,0.9999827
0,0,2.8903693e-05
1,1,0.99998283
0,0,2.9514727e-05
1,1,0.9999721
1,1,0.9993944
1,1,0.999985
0,0,2.5036567e-05
0,0,0.012341283
0,0,0.003166068
0,0,0.0002079259
0,0,3.4742694e-05
1,1,0.9999844
1,1,0.9999846
0,0,4.3353793e-05
0,0,6.3091815e-05
0,0,4.5132954e-05
1,1,0.999985
1,1,0.9999856
1,1,0.99998415
1,1,0.9999852
0,0,2.7700093e-05
0,0,2.895473e-05
1,1,0.9999863
0,0,5.0876486e-05
1,1,0.9999857
1,1,0.9999815
1,1,0.99998605
0,0,4.188493e-05
0,0,0.00021311724
0,0,2.4045514e-05
0,0,2.930919e-05
1,1,0.99998665
0,0,3.1907417e-05
1,1,0.9999857
0,0,3.959907e-05
1,1,0.9999858
1,1,0.9999826
0,0,3.8922644e-05
1,1,0.9999815
1,1,0.9999869
1,1,0.99998415
1,1,0.9993199
0,0,0.00027483306
0,0,5.2130632e-05
1,1,0.9999813
0,0,3.4084478e-05
0,0,2.6246751e-05
0,0,4.337443e-05
0,0,3.168159e-05
0,0,3.6512578e-05
0,0,3.5445886e-05
0,0,2.4208646e-05
1,1,0.99995303
0,0,2.4494284e-05
0,0,2.5377842e-05
1,1,0.99998367
1,1,0.99998605
0,0,3.4317905e-05
0,0,2.7051987e-05
0,0,2.560819e-05
0,0,2.9059376e-05
1,1,0.9999863
1,1,0.99998665
1,1,0.9999808
1,1,0.99998415
1,1,0.99998593
0,0,3.604387e-05
0,0,2.7518468e-05
0,0,2.7917102e-05
1,1,0.9999858
1,1,0.99998057
1,1,0.9999856
0,0,0.0013533592
0,0,2.5204645e-05
1,1,0.9999865
0,0,2.5188836e-05
0,0,0.00012918598
0,0,5.663819e-05
1,1,0.9999821
0,0,2.9242354e-05
1,1,0.99973696
1,1,0.99998474
0,0,3.740155e-05
0,0,2.7604601e-05
1,1,0.9999833
1,1,0.9999738
0,0,2.4553921e-05
0,0,2.4418716e-05
0,0,0.0036702661
0,0,2.940421e-05
0,0,2.7669941e-05
0,0,2.8737604e-05
0,0,2.9590006e-05
1,1,0.9999821
0,0,3.1107076e-05
1,1,0.99998057
1,1,0.999982
1,1,0.9999864
1,1,0.99998045
1,1,0.99998546
0,0,4.644684e-05
1,1,0.9999839
0,0,4.0185907e-05
1,1,0.9999825
1,1,0.9999865
1,1,0.99998105
1,1,0.9999839
1,1,0.9999852
1,1,0.9999776
1,1,0.9999763
0,0,2.7585578e-05
1,1,0.9999802
1,1,0.99998605
1,1,0.99998283
1,1,0.9999865
1,1,0.9999852
0,0,3.231303e-05
1,1,0.9999851
0,0,2.5632722e-05
0,0,0.00079667574
0,0,2.8326094e-05
1,1,0.99998236
0,0,0.00083479425
1,1,0.999985
0,0,4.2001528e-05
0,0,2.6747006e-05
0,0,0.00019552065
0,0,6.304346e-05
1,1,0.99998343
0,0,2.7009606e-05
0,1,0.9444264
1,1,0.99998724
1,1,0.99998486
1,1,0.9999863
0,0,2.451695e-05
0,0,3.5655434e-05
0,0,2.5313935e-05
0,0,4.3188615e-05
0,0,2.4875848e-05
1,1,0.9999721
0,0,0.0021842434
1,1,0.9999696
0,0,0.00011146693
1,1,0.99998605
0,0,3.4820936e-05
1,1,0.9999802
0,0,2.814311e-05
1,1,0.9999857
1,1,0.9999862
1,1,0.99998605
1,1,0.99993026
1,1,0.9999769
1,1,0.9999852
0,0,3.1353557e-05
0,0,2.9278908e-05
1,1,0.99998474
1,1,0.9999851
1,1,0.9999846
1,1,0.99998343
0,0,0.00032899895
0,0,0.00060777325
0,0,9.72853e-05
0,0,2.9686471e-05
0,0,2.5664274e-05
0,0,2.592438e-05
0,0,2.9472993e-05
1,1,0.9999862
1,1,0.9999862
1,1,0.99998593
0,0,2.7222377e-05
1,1,0.9999858
0,0,2.5422121e-05
0,0,2.633513e-05
1,1,0.9999813
0,0,2.6907823e-05
0,0,2.9066223e-05
0,0,5.7796147e-05
1,1,0.99998486
0,0,0.00010770248
0,0,3.5776826e-05
1,1,0.99997985
1,1,0.99998593
1,1,0.9999833
0,0,2.749216e-05
0,0,2.4426356e-05
0,0,3.834774e-05
0,0,3.4519668e-05
0,0,4.0849012e-05
0,0,5.9638995e-05
0,0,3.1464322e-05
0,0,6.0090726e-05
1,1,0.9999857
0,0,3.7122507e-05
1,1,0.9999863
1,1,0.99998116
0,0,2.627307e-05
0,0,2.6497819e-05
0,0,2.8447017e-05
0,0,3.291452e-05
1,1,0.9999732
1,1,0.9999852
0,0,3.1124706e-05
0,0,8.632166e-05
1,1,0.9999856
1,1,0.99998546
1,1,0.99998593
1,1,0.9999808
0,0,2.5771355e-05
0,0,0.0003527867
0,1,0.99974424
0,0,0.0001060148
1,1,0.9999831
1,1,0.9999839
0,0,2.4490782e-05
0,0,3.1233885e-05
0,0,0.00013287661
0,0,3.29617e-05
1,1,0.99998486
1,1,0.999987
1,1,0.99998426
0,0,6.116631e-05
1,1,0.99998176
1,1,0.99998343
1,1,0.9999814
0,0,2.9218214e-05
0,0,5.2691405e-05
1,1,0.9999752
1,0,0.00068440905
1,1,0.9999863
1,1,0.99998605
1,1,0.99995434
0,0,2.9972589e-05
1,1,0.9999678
0,0,0.00025276275
0,0,7.489949e-05
0,0,2.463646e-05
1,1,0.9999831
1,1,0.9999862
0,0,0.00024818964
1,1,0.99998605
0,0,2.6883714e-05
1,1,0.999977
0,0,8.569309e-05
1,1,0.9999788
0,0,3.4557943e-05
0,0,6.711695e-05
0,0,0.00011461576
0,0,2.5313138e-05
0,0,0.00011759266
0,0,0.08099226
0,0,2.9254961e-05
1,1,0.9999753
0,0,5.1876723e-05
1,1,0.99973255
1,1,0.99998486
1,1,0.9999759
1,1,0.9999856
1,1,0.9999839
1,1,0.9999856
1,1,0.9999857
0,0,2.4277098e-05
0,0,5.0023224e-05
0,0,0.00024662196
1,1,0.9999814
1,1,0.999985
0,0,2.6168445e-05
0,0,3.030767e-05
1,1,0.99998534
0,0,2.6468852e-05
1,1,0.9999856
1,1,0.99998593
1,1,0.9999789
1,1,0.99998224
0,0,2.5945797e-05
0,0,3.034159e-05
1,1,0.99997973
1,1,0.99998415
1,1,0.99998176
0,0,2.5533915e-05
0,0,2.7728978e-05
0,0,2.777066e-05
0,0,3.6262387e-05
0,0,3.633636e-05
1,1,0.9999778
0,0,2.433011e-05
1,1,0.9999324
1,1,0.9999776
1,1,0.99998474
1,1,0.99998
1,1,0.9999839
1,1,0.99998367
0,0,2.5928137e-05
0,0,3.9229217e-05
0,0,3.259746e-05
0,0,0.0002677709
1,1,0.9999865
1,1,0.9998795
1,1,0.99972016
0,0,0.00031489428
0,0,3.5658122e-05
0,0,0.00026618305
1,1,0.99997675
0,0,5.84469e-05
1,1,0.99998355
1,1,0.99997103
1,1,0.9999788
0,0,2.6661006e-05
1,1,0.9999832
1,1,0.9999547
1,1,0.9999856
0,0,2.780055e-05
0,0,2.794664e-05
0,0,3.18142e-05
0,0,3.4829773e-05
1,1,0.9999862
0,0,2.476935e-05
1,1,0.999984
0,0,8.677484e-05
0,0,2.606986e-05
1,1,0.99998724
1,1,0.9999832
0,0,3.5464647e-05
0,0,3.941232e-05
1,1,0.99998355
0,0,2.7645621e-05
1,1,0.9999801
0,0,0.00019188652
1,1,0.99997485
0,0,5.9431422e-05
1,1,0.9999845
1,1,0.9999863
0,0,2.599434e-05
1,1,0.99998677
1,1,0.99998176
1,1,0.99998593
1,1,0.99998593
1,1,0.9999857
0,0,2.7513353e-05
1,1,0.9999857
0,0,3.0845527e-05
0,0,3.226508e-05
0,0,2.60318e-05
1,1,0.9999807
0,0,0.0002732333
1,1,0.9998554
0,0,3.571989e-05
1,1,0.9999846
1,1,0.9999857
1,1,0.9999764
0,0,2.3335795e-05
0,0,2.7752074e-05
1,1,0.99996126
1,1,0.99997675
0,0,2.8817463e-05
1,1,0.99998665
0,0,4.015128e-05
1,1,0.99998534
0,0,2.8888535e-05
0,0,2.5653655e-05
0,0,3.698512e-05
0,0,2.609946e-05
1,1,0.9999846
0,0,4.065133e-05
1,1,0.9998981
1,1,0.9999819
0,0,0.00012009478
1,1,0.9999639
0,0,2.8381364e-05
0,0,0.00016810288
0,0,8.982937e-05
1,1,0.9999852
1,1,0.9999863
0,0,2.659138e-05
1,1,0.99998665
1,1,0.99998534
0,0,2.5314152e-05
1,1,0.99997735
1,1,0.9999851
0,0,3.8801492e-05
0,0,3.1879925e-05
1,1,0.9999851
0,0,4.1143365e-05
0,0,3.9329007e-05
0,0,4.2906016e-05
1,1,0.9999856
0,0,3.1180105e-05
1,1,0.99998474
0,0,2.8937946e-05
1,1,0.9999851
1,1,0.9999863
1,1,0.99996626
1,1,0.9999864
1,1,0.9999844
1,1,0.9999827
0,0,4.144307e-05
0,0,3.4235727e-05
0,0,3.0031155e-05
0,0,3.298887e-05
1,1,0.9999856
1,1,0.99998593
1,1,0.99998605
0,0,3.413405e-05
1,1,0.9999856
0,0,2.8521587e-05
0,0,3.4302102e-05
0,0,3.436569e-05
0,0,3.8427406e-05
1,1,0.9999827
1,1,0.9999819
0,0,2.9502857e-05
0,0,0.0004754479
1,1,0.9998629
1,1,0.99998486
1,1,0.9998778
1,1,0.99997985
0,0,4.0859923e-05
0,0,3.147918e-05
0,0,2.7917395e-05
0,0,2.7036564e-05
0,0,4.875595e-05
1,1,0.999985
1,1,0.99998426
0,0,3.8584567e-05
1,1,0.99998283
1,1,0.9999739
1,1,0.9999825
1,1,0.99994886
1,1,0.99998486
0,0,0.000223982
1,1,0.9999863
0,0,0.0011929992
0,0,2.8154815e-05
0,0,2.8297394e-05
0,0,6.5957356e-05
1,1,0.9999838
0,0,0.0020252052
0,0,2.4376977e-05
0,0,6.270207e-05
1,1,0.9999862
1,1,0.9999864
1,1,0.99998116
0,0,3.7604448e-05
1,1,0.99998593
1,1,0.99997866
0,0,3.011257e-05
0,0,0.00010170895
1,1,0.99997926
0,0,3.9456696e-05
1,1,0.99997926
1,1,0.9999864
1,1,0.9999839
0,0,2.5195057e-05
1,1,0.9999825
1,1,0.99998367
0,0,0.000106255575
1,1,0.9999765
1,1,0.999984
0,0,3.0084959e-05
1,1,0.9999851
0,0,0.00034302325
0,0,4.393217e-05
1,1,0.9999832
0,0,3.820848e-05
0,0,7.1387214e-05
1,1,0.99998474
0,0,4.236979e-05
0,0,4.296211e-05
1,1,0.9999858
1,1,0.9999851
1,1,0.99996686
1,1,0.99998665
1,1,0.9999846
0,0,0.00028032696
0,0,2.8710374e-05
0,0,4.9033708e-05
0,0,3.203376e-05
1,1,0.9999857
1,1,0.9999827
0,0,3.0012745e-05
1,1,0.99998343
0,0,2.7862761e-05
1,1,0.9999846
0,0,0.01996661
0,0,4.6383455e-05
0,0,6.0353406e-05
1,1,0.9999865
0,0,3.450736e-05
1,1,0.99998474
1,1,0.999969
1,1,0.99996924
0,0,0.00075301866
0,0,4.8959228e-05
0,0,0.0004600153
0,0,7.606715e-05
1,1,0.9999852
1,1,0.99998426
0,0,3.1750795e-05
1,1,0.999987
0,0,2.6432679e-05
1,1,0.99998474
0,0,5.9342343e-05
0,0,4.370185e-05
0,0,9.466678e-05
1,1,0.99997306
1,1,0.9999863
0,0,4.509703e-05
0,0,4.623485e-05
0,0,2.5000396e-05
0,0,0.040412527
1,1,0.9999782
1,1,0.9999844
0,0,2.9116132e-05
1,1,0.9999845
1,1,0.9999857
0,0,4.6929465e-05
0,0,3.7574406e-05
0,0,3.4783632e-05
0,0,3.1183765e-05
0,0,2.869959e-05
1,1,0.999984
0,0,0.000116534
0,0,3.6708054e-05
0,0,3.9371636e-05
1,1,0.9999846
0,0,2.7500788e-05
0,0,2.7572718e-05
0,0,3.013239e-05
1,1,0.9999838
0,0,3.6152793e-05
0,0,3.3706445e-05
1,1,0.9999093
1,1,0.99998593
0,0,4.772641e-05
0,0,3.0090929e-05
1,1,0.99997795
0,0,4.504245e-05
1,1,0.9999857
1,1,0.9999832
0,0,2.8087445e-05
1,1,0.99996483
1,1,0.99998426
1,1,0.999985
1,1,0.9999858
0,0,0.00010158469
1,1,0.9999856
0,0,0.0010652057
0,0,4.60891e-05
1,1,0.9999857
0,0,3.3160835e-05
0,0,3.2471842e-05
0,0,3.0429364e-05
1,1,0.9999863
0,0,2.8449433e-05
0,0,3.173006e-05
0,0,2.685033e-05
1,1,0.9999845
0,0,3.4102097e-05
0,0,2.7644883e-05
0,0,4.502072e-05
0,0,0.00044265983
1,1,0.99998546
0,0,6.0035167e-05
0,0,8.925532e-05
1,1,0.99998116
0,0,4.2547086e-05
1,1,0.9999709
0,0,3.353789e-05
0,0,2.6894817e-05
1,1,0.99981254
1,1,0.99998665
1,1,0.99998343
1,1,0.99998546
0,0,7.5008e-05
1,1,0.99998546
0,0,2.5257556e-05
0,0,3.850844e-05
0,0,3.025765e-05
0,0,3.2393924e-05
1,1,0.9999578
1,1,0.9999864
0,0,4.280168e-05
0,0,4.0384522e-05
0,0,0.000277216
0,0,2.5606872e-05
0,0,0.00034583115
0,0,2.8657936e-05
1,1,0.99998665
0,0,2.5468831e-05
1,1,0.8166087
0,0,2.5763098e-05
0,0,4.2197527e-05
1,1,0.9999825
1,1,0.9999846
1,1,0.9999814
0,0,5.4670232e-05
0,0,0.00028837047
1,1,0.9999815
0,1,0.91646165
0,0,0.0072928397
1,1,0.99998665
0,0,3.5635854e-05
0,0,3.032817e-05
1,1,0.9999825
1,1,0.9999713
1,1,0.99998283
1,1,0.9999856
1,1,0.9999856
1,1,0.9999838
1,0,0.046073116
0,0,2.488902e-05
0,0,0.00022995268
1,1,0.99998665
0,0,2.7054672e-05
1,1,0.9999614
0,0,3.9734718e-05
1,1,0.999985
1,1,0.99997723
1,1,0.9999832
0,0,8.557656e-05
0,0,0.000694986
1,1,0.9999863
0,0,3.6712707e-05
0,0,3.692334e-05
1,1,0.9999659
1,1,0.9999815
0,0,3.930722e-05
1,1,0.99997914
0,0,5.3178992e-05
0,0,2.7729613e-05
0,0,2.4802703e-05
0,0,3.6662957e-05
1,1,0.9999863
1,1,0.9999863
0,0,4.180129e-05
1,1,0.9999827
0,0,2.673474e-05
1,1,0.999985
1,1,0.62884957
1,1,0.99998033
0,0,4.061161e-05
0,0,2.5638223e-05
1,1,0.9999865
0,0,0.0007518944
0,0,3.5594618e-05
1,1,0.99998593
1,1,0.80959916
0,0,4.2725016e-05
0,0,3.1536176e-05
1,1,0.99997735
1,1,0.999985
0,0,3.359298e-05
1,1,0.99998546
0,0,4.7187372e-05
0,0,2.7702867e-05
0,0,2.4161456e-05
0,0,2.67183e-05
1,1,0.99998593
0,0,3.387259e-05
0,0,2.7872065e-05
0,0,2.922496e-05
1,1,0.99998546
0,0,2.3621744e-05
1,1,0.9999659
1,1,0.9999857
0,0,3.1649786e-05
1,1,0.9999862
1,1,0.99998593
1,1,0.9999218
0,0,2.6534864e-05
0,0,3.1937252e-05
1,1,0.9999721
0,0,3.212802e-05
0,0,2.6859014e-05
1,1,0.986863
0,0,3.741525e-05
0,0,9.536916e-05
0,0,3.8149574e-05
0,0,4.178905e-05
1,1,0.9999852
0,0,3.642681e-05
0,0,3.366058e-05
1,1,0.99952185
1,1,0.9998006
0,0,2.6131664e-05
1,1,0.9999813
0,0,0.001084592
1,1,0.9999845
0,0,4.0259016e-05
0,0,2.654623e-05
1,1,0.99998534
1,1,0.9999864
1,1,0.9999831
1,1,0.99998534
1,1,0.9999863
0,0,3.02886e-05
1,1,0.9999858
0,0,5.4865253e-05
1,1,0.9999833
0,0,0.000103838465
1,1,0.99998415
0,0,2.6106556e-05
1,1,0.9999814
1,1,0.9999825
1,1,0.9999764
1,1,0.9999808
1,1,0.9999832
0,0,3.2547578e-05
1,1,0.9999664
1,1,0.9999833
1,1,0.99998176
1,1,0.9999845
0,0,2.7620692e-05
0,0,3.3960958e-05
0,0,0.042307314
0,0,5.2488846e-05
0,0,9.50736e-05
0,0,0.00047333786
0,0,2.4447796e-05
1,1,0.9999856
0,0,3.446326e-05
0,0,0.00013229203
0,0,2.645737e-05
1,1,0.9999857
0,0,2.8062816e-05
1,1,0.9999846
1,1,0.9999864
1,1,0.9999863
0,0,2.6889304e-05
0,0,3.2104468e-05
1,1,0.99997413
1,1,0.99998474
1,1,0.999979
0,0,2.5273459e-05
0,0,4.8104983e-05
1,1,0.99998665
1,1,0.9999789
0,0,4.2212538e-05
1,1,0.9999865
0,0,3.214687e-05
0,0,3.9524068e-05
1,1,0.9999789
1,1,0.99998415
0,0,2.706246e-05
1,1,0.99997807
0,0,2.5393894e-05
0,0,3.4537614e-05
0,0,3.95888e-05
1,1,0.99997985
1,1,0.99998426
1,1,0.999987
0,0,2.3914748e-05
0,0,3.0041494e-05
1,1,0.9999857
0,0,2.4416946e-05
0,0,3.417072e-05
1,1,0.99998546
0,0,2.5565343e-05
1,1,0.99998724
0,0,0.00065888953
1,1,0.99998426
1,1,0.9766049
0,0,0.0001379516
0,0,2.5137528e-05
0,0,8.450975e-05
1,1,0.99995005
1,1,0.9999863
0,0,3.8067625e-05
0,0,4.259662e-05
0,0,2.5659136e-05
1,1,0.999987
1,1,0.99988806
1,1,0.999985
0,0,0.0045844167
0,0,2.466088e-05
1,1,0.9999734
1,1,0.99998665
0,0,3.2842654e-05
1,1,0.99998546
1,1,0.99998426
1,1,0.99998283
0,0,3.097759e-05
0,0,2.9353836e-05
1,1,0.9999721
0,0,3.1997122e-05
1,1,0.9999831
0,0,2.8090339e-05
1,1,0.9999832
1,1,0.99987805
0,0,3.9895705e-05
1,1,0.9999441
0,0,2.522085e-05
1,1,0.9999783
1,1,0.9999856
1,1,0.9999778
1,1,0.99998546
1,1,0.9996264
1,1,0.9999862
0,0,4.8625283e-05
0,0,2.6708314e-05
0,0,2.9308967e-05
0,0,2.5616006e-05
1,1,0.9999683
0,0,0.00013374852
1,1,0.99998224
0,0,0.00026645526
1,1,0.99998605
1,1,0.9999863
0,0,2.4443787e-05
0,0,2.7461898e-05
0,0,3.196467e-05
0,0,5.0876875e-05
1,1,0.9999862
1,1,0.9999559
0,0,2.7406797e-05
0,0,2.661391e-05
0,0,3.4142904e-05
0,0,2.651774e-05
0,0,3.657335e-05
0,0,2.4316098e-05
1,1,0.9999739
1,1,0.99997866
0,0,0.00017310685
0,0,0.03170727
0,0,5.1644674e-05
0,0,0.00010032158
1,1,0.99998546
1,1,0.9999827
1,1,0.99998546
1,1,0.9999733
0,0,2.5318835e-05
0,0,3.9779607e-05
1,1,0.9999865
1,1,0.99997544
0,0,2.5694198e-05
1,1,0.99998415
0,0,3.6253743e-05
1,1,0.999985
0,0,3.2246226e-05
0,0,4.3069136e-05
1,1,0.9999807
1,1,0.99998546
0,0,8.4320745e-05
1,1,0.9999862
1,1,0.9999833
0,0,4.7238835e-05
0,0,6.1844206e-05
1,1,0.9999857
0,0,3.8330305e-05
1,1,0.9999852
0,0,2.7476437e-05
1,1,0.9999846
1,1,0.99998474
0,0,2.8497227e-05
1,1,0.9999844
0,0,2.4612533e-05
0,0,4.7174908e-05
1,1,0.99995065
0,0,3.6545804e-05
0,0,3.7309754e-05
1,1,0.9999685
0,0,2.9002624e-05
0,0,3.0594867e-05
1,1,0.99998677
0,0,2.9632842e-05
0,0,2.5646023e-05
0,0,2.765596e-05
0,0,2.7328815e-05
1,1,0.99998605
0,0,4.4723405e-05
1,1,0.9999794
1,1,0.9999845
0,0,4.2970594e-05
0,0,4.008754e-05
1,1,0.9999869
0,0,3.0586e-05
1,1,0.99984014
1,1,0.99997663
1,1,0.98974085
0,0,2.8618992e-05
0,0,6.194325e-05
0,0,2.7216745e-05
1,1,0.99998224
1,1,0.9999857
0,0,2.7862177e-05
1,1,0.9999838
0,0,8.148862e-05
1,1,0.9999826
1,1,0.9999865
1,1,0.99998534
0,0,3.122233e-05
1,1,0.9999577
0,0,0.00034173427
1,1,0.9999423
1,1,0.9999825
1,1,0.999613
0,0,5.9984406e-05
0,0,4.8468806e-05
0,0,2.6249128e-05
1,1,0.9999777
1,1,0.99998295
0,0,4.675597e-05
0,0,4.2018113e-05
1,1,0.99998546
1,1,0.99998665
1,1,0.99998534
1,1,0.99998415
0,0,6.234689e-05
0,0,2.4812096e-05
0,0,3.5801397e-05
0,0,0.0009104442
1,1,0.99998534
0,0,0.0001140148
0,0,2.5890582e-05
0,0,7.9780824e-05
1,1,0.9999821
0,0,2.4454348e-05
0,0,4.046209e-05
0,0,4.4091827e-05
0,0,7.322341e-05
0,0,0.003118456
0,0,0.00010324055
1,1,0.9999809
1,1,0.999985
1,1,0.999984
0,0,3.7941103e-05
1,1,0.9999832
0,0,3.0574458e-05
0,0,0.00011329498
0,0,4.3817778e-05
1,1,0.99998224
1,1,0.9999759
1,1,0.9999819
0,0,3.594022e-05
0,0,2.7098724e-05
1,1,0.9998661
0,0,2.6802234e-05
0,0,0.000120632394
0,0,2.819291e-05
1,1,0.99998033
1,1,0.99998236
1,1,0.99997914
0,0,2.4512346e-05
1,1,0.9999846
0,0,2.7981734e-05
0,0,2.9757672e-05
0,0,2.4921654e-05
1,1,0.99997973
1,1,0.9786911
0,0,4.129297e-05
0,0,2.9732457e-05
1,1,0.99994016
1,1,0.9999852
0,0,5.132569e-05
1,1,0.99998677
0,0,3.3171622e-05
0,0,3.6264533e-05
1,1,0.9999796
1,1,0.99998605
1,1,0.9999801
1,1,0.9999851
1,1,0.99998224
0,0,2.5590074e-05
1,1,0.9999852
1,1,0.99997437
0,0,3.0548108e-05
0,0,2.5868763e-05
1,1,0.9999833
1,1,0.99998426
1,1,0.92036915
1,1,0.9999862
0,0,2.9675717e-05
1,1,0.9999831
1,1,0.9999846
1,1,0.99998426
1,1,0.99998474
1,1,0.9999833
1,1,0.9999796
0,0,3.0162006e-05
1,1,0.99997544
1,1,0.9999018
1,1,0.99998486
0,0,4.941595e-05
1,1,0.99997056
1,1,0.99998236
1,1,0.9999865
0,0,3.598562e-05
0,0,2.6174288e-05
1,1,0.9999851
1,1,0.9999795
1,1,0.99985445
0,0,3.0342833e-05
1,1,0.9999764
1,1,0.9999864
0,0,5.6576326e-05
1,1,0.99998534
1,1,0.99998367
0,0,0.015305839
1,1,0.9999721
0,0,0.00023945684
1,1,0.99998343
0,0,2.7887005e-05
0,0,3.73042e-05
1,1,0.9999832
0,0,0.000558682
0,0,0.00023764343
1,1,0.9999647
1,1,0.99998605
0,0,2.6991327e-05
0,0,4.7181387e-05
1,1,0.99998474
1,1,0.99997985
1,1,0.99998593
1,1,0.99993205
1,1,0.99998593
1,1,0.9999856
0,0,2.7572376e-05
0,0,2.6718379e-05
1,1,0.9999713
0,0,0.0001368119
0,0,2.7002754e-05
0,0,2.6739737e-05
1,1,0.99967444
1,1,0.9999734
0,0,2.8119875e-05
0,0,2.6333622e-05
1,1,0.9999832
1,1,0.9999846
0,0,2.9056217e-05
1,1,0.9999863
0,0,9.400989e-05
0,0,2.5118597e-05
0,0,5.405396e-05
0,0,2.7486813e-05
0,0,4.8342506e-05
1,1,0.9999851
0,0,2.9891518e-05
1,1,0.9999846
0,0,3.5588982e-05
1,1,0.9999491
1,1,0.99998057
0,0,3.686898e-05
0,0,0.00081037276
1,1,0.999972
0,0,5.504637e-05
1,1,0.9999821
0,0,2.4723287e-05
1,1,0.99996066
1,1,0.99998486
0,0,0.010168631
0,0,3.2140553e-05
0,0,2.6975165e-05
1,1,0.99998546
0,0,8.700975e-05
0,0,3.961735e-05
1,1,0.9999844
0,0,0.00021905405
1,1,0.9999809
1,1,0.99995315
0,0,0.00041413348
1,1,0.9999815
0,0,3.1629304e-05
0,0,4.078199e-05
1,1,0.9999827
0,0,3.1873482e-05
1,1,0.99998534
0,0,0.00011896141
1,1,0.99994016
1,1,0.9999552
0,0,2.6922326e-05
0,0,0.0011209038
0,0,3.8968737e-05
1,1,0.99998474
1,1,0.999984
1,1,0.99998486
1,1,0.9999802
0,0,2.9923352e-05
1,1,0.99998724
0,0,3.023129e-05
0,0,2.772094e-05
0,0,2.9203338e-05
0,0,2.6348594e-05
0,0,5.022082e-05
1,1,0.9999845
1,1,0.99927765
1,1,0.99998593
1,1,0.99997354
1,1,0.9999808
0,0,5.8658854e-05
1,1,0.9999851
0,0,3.3486118e-05
1,1,0.99998367
1,1,0.9999863
0,0,3.182758e-05
0,0,4.348887e-05
1,1,0.99998677
0,0,3.731605e-05
0,0,9.054767e-05
1,1,0.9999858
1,1,0.9994584
0,0,4.0363735e-05
1,1,0.9999862
1,1,0.9999827
1,1,0.9999819
1,1,0.99996674
0,0,2.8730341e-05
1,1,0.99966025
1,1,0.9999738
0,0,2.7227179e-05
1,1,0.9999858
0,0,0.00425387
1,1,0.9999827
1,1,0.9991196
1,1,0.9999858
1,1,0.99998426
1,1,0.9999846
0,0,3.3068216e-05
0,0,3.463944e-05
0,0,2.6296204e-05
0,0,4.9480837e-05
1,1,0.999985
0,0,2.3812478e-05
1,1,0.99998534
0,0,3.0299869e-05
1,1,0.9999819
0,0,3.0926174e-05
1,1,0.99998593
0,0,2.6380427e-05
0,0,6.842678e-05
1,1,0.99993885
0,0,3.3683024e-05
1,1,0.9999865
1,1,0.99998546
1,1,0.99998343
1,1,0.99998546
1,1,0.99998426
1,1,0.9999863
0,0,4.143485e-05
0,0,2.580918e-05
1,1,0.99998534
0,0,2.4648327e-05
1,1,0.9999757
0,0,2.8324148e-05
0,0,2.8214696e-05
1,1,0.9999852
0,0,2.9533088e-05
0,0,4.5990266e-05
1,1,0.9999777
1,1,0.9999865
0,0,2.8333012e-05
0,0,2.6713078e-05
0,0,2.8711798e-05
0,0,2.6345178e-05
0,0,2.6996579e-05
0,0,3.361214e-05
1,1,0.99997807
1,1,0.9999862
1,1,0.99998283
0,0,3.608872e-05
0,0,5.9489885e-05
0,0,2.9733335e-05
1,1,0.99998474
0,0,2.9985167e-05
0,0,2.5294317e-05
1,1,0.9999851
1,1,0.99998283
0,0,3.941187e-05
0,0,2.871511e-05
1,1,0.9999832
1,1,0.9999833
1,1,0.9999801
0,0,2.531613e-05
1,1,0.99998283
1,1,0.9999031
0,0,4.602963e-05
1,1,0.99997973
0,0,2.6113554e-05
1,1,0.9999857
1,1,0.99998605
1,1,0.9999676
1,1,0.9999862
1,1,0.9999794
0,0,5.23357e-05
1,1,0.9999796
0,0,0.00047276652
1,1,0.9999865
1,1,0.9999831
0,0,0.14575282
1,1,0.9999856
0,0,4.0569346e-05
1,1,0.999985
0,0,2.417125e-05
1,1,0.9999801
1,1,0.99997854
0,0,5.5943685e-05
0,0,2.6251833e-05
0,0,2.705258e-05
0,0,3.7906815e-05
1,1,0.99998665
1,1,0.99998486
1,1,0.99998593
0,0,0.00048827165
0,0,0.00025448014
0,0,3.2211927e-05
1,1,0.9999857
0,0,2.7997245e-05
1,1,0.99998665
1,1,0.9999852
1,1,0.99991965
0,0,4.174819e-05
0,0,2.5680483e-05
1,1,0.9999831
0,0,2.6961252e-05
1,1,0.996825
0,0,5.7249526e-05
1,1,0.9999739
1,1,0.9999844
0,0,0.00010994553
0,0,2.5369252e-05
1,1,0.9999027
0,0,2.9918614e-05
0,0,4.628779e-05
1,1,0.9999863
1,1,0.9999852
1,1,0.99998605
1,1,0.9999765
0,0,3.9539525e-05
1,1,0.9999627
0,0,5.3279346e-05
0,0,7.027257e-05
1,1,0.99998033
0,0,8.3897416e-05
0,0,0.00012227085
1,1,0.9999728
1,1,0.9999794
0,0,4.895862e-05
0,0,4.167933e-05
1,1,0.99998546
1,1,0.99975425
0,0,4.8897964e-05
1,1,0.9999825
1,1,0.99998116
0,0,5.958885e-05
0,0,7.621236e-05
1,1,0.9999865
0,0,2.8289329e-05
0,0,2.4634837e-05
1,1,0.9999862
1,1,0.9999832
0,0,0.00072039093
0,0,3.3019714e-05
1,1,0.9999713
1,1,0.9999809
1,1,0.99998593
1,1,0.99998474
1,1,0.99998736
1,1,0.99997866
0,0,2.5463392e-05
1,1,0.99998474
0,0,6.0987506e-05
1,1,0.999985
1,1,0.99998295
0,0,2.8865927e-05
1,1,0.9999794
0,0,0.00065013464
1,1,0.9999726
0,0,6.686084e-05
1,1,0.9999844
1,1,0.99998415
1,1,0.99998224
1,1,0.9999858
1,1,0.99998415
0,0,3.1135867e-05
1,1,0.9999759
1,1,0.999985
1,1,0.999984
1,1,0.9999517
0,0,0.00015360984
1,1,0.9999858
0,0,3.544832e-05
1,1,0.9999864
1,1,0.99998593
1,1,0.9999862
1,1,0.99997795
0,0,2.6191865e-05
1,1,0.9999789
0,0,2.4374094e-05
1,1,0.9999826
1,1,0.999814
0,0,2.420546e-05
1,1,0.999985
0,0,2.9948302e-05
1,1,0.9694997
1,1,0.9999844
1,1,0.9999765
1,1,0.9999864
1,1,0.9984073
1,1,0.99998605
0,0,3.593234e-05
1,1,0.99998486
1,1,0.9999869
1,1,0.99998605
1,1,0.99988794
0,0,3.5166497e-05
1,1,0.9999807
1,1,0.9999863
1,1,0.9999862
0,0,2.4934776e-05
0,0,2.6926897e-05
1,1,0.999987
0,0,0.0002645401
1,1,0.99997544
1,1,0.9999831
1,1,0.9999758
0,0,2.651936e-05
0,0,3.414258e-05
0,0,0.00087602803
0,0,2.6601983e-05
1,1,0.99998
0,0,5.1093237e-05
0,0,0.00014580779
1,1,0.99988544
0,0,2.9969246e-05
0,0,0.00013564773
1,1,0.99998343
1,1,0.9999839
0,0,4.5202007e-05
1,1,0.99998355
1,1,0.9999678
0,0,4.6573645e-05
0,0,2.4082552e-05
1,1,0.99987245
0,0,5.0779447e-05
0,0,2.9848794e-05
1,1,0.9999789
1,1,0.99996614
0,0,3.0629086e-05
1,1,0.999985
0,0,2.4851071e-05
0,0,2.4420067e-05
0,0,4.5633904e-05
1,1,0.9999771
1,1,0.9999825
0,0,2.950378e-05
0,0,0.00016294867
1,1,0.9999715
0,0,2.8282371e-05
1,1,0.999979
0,0,2.6254334e-05
1,1,0.99998415
1,1,0.9999845
0,0,3.0408071e-05
0,0,4.0528044e-05
0,0,2.5572706e-05
0,0,0.000119153374
1,1,0.9999862
0,0,3.4490316e-05
1,1,0.9999833
1,1,0.99998546
1,1,0.9999864
1,1,0.9999869
1,1,0.999987
1,1,0.9999852
0,0,0.00054017705
1,1,0.9999596
1,1,0.9999819
0,0,0.0010248208
1,1,0.9999856
0,0,2.4309651e-05
1,1,0.9999856
1,1,0.9999856
0,0,0.00016458437
1,1,0.9999689
1,1,0.99998343
0,0,3.2859258e-05
0,0,0.00011592221
0,0,3.4514662e-05
1,1,0.9999858
1,1,0.9999465
1,1,0.99997187
0,0,4.26386e-05
0,0,4.7176753e-05
0,0,2.5427478e-05
1,1,0.9999846
0,0,2.7194017e-05
1,1,0.9999862
1,1,0.99996376
1,1,0.99990916
0,0,9.341153e-05
0,0,2.9887757e-05
1,1,0.9986677
0,0,2.6286327e-05
0,0,2.7004042e-05
0,0,3.1370906e-05
0,0,3.4650806e-05
0,0,2.7608814e-05
0,0,0.00015794601
1,1,0.9999839
1,1,0.99998534
0,0,5.6644563e-05
0,0,4.5573113e-05
1,1,0.9999691
0,0,3.691795e-05
1,1,0.9999864
0,0,3.643977e-05
0,0,4.130509e-05
0,0,2.5246118e-05
0,0,0.005156381
0,0,2.8964423e-05
0,0,2.6552307e-05
1,1,0.9999758
1,1,0.99998593
1,1,0.9999851
1,1,0.9999765
0,0,3.1989253e-05
0,0,0.00012275403
1,1,0.9999851
1,1,0.99992967
1,1,0.99997926
1,1,0.9999819
1,1,0.9999858
0,0,3.1733172e-05
1,1,0.99998105
0,0,5.1004685e-05
0,0,0.0033516388
0,0,4.073348e-05
1,1,0.9998312
0,0,3.0755822e-05
1,1,0.9999844
1,1,0.9999845
1,1,0.99998593
0,0,0.00024553962
0,0,0.00032020302
1,1,0.9999831
0,0,8.534373e-05
1,1,0.9999813
0,0,2.5475805e-05
0,0,2.9623689e-05
1,1,0.9999157
0,0,3.098291e-05
1,1,0.99998426
1,1,0.9999865
0,0,4.6152873e-05
1,1,0.9999857
1,1,0.999985
0,0,4.215151e-05
0,0,4.6175854e-05
0,0,2.5798134e-05
1,1,0.9999815
0,0,2.5709272e-05
1,1,0.99998546
1,1,0.99998283
0,0,2.7939235e-05
1,1,0.9999852
0,0,2.8235314e-05
0,0,3.318751e-05
0,0,3.7405014e-05
1,1,0.9999864
1,1,0.9999864
1,1,0.9999783
0,1,0.99761826
0,0,3.2535318e-05
0,0,2.5028641e-05
0,0,0.00029055536
1,1,0.99998677
0,0,2.7266025e-05
0,0,3.1638083e-05
1,1,0.9999852
1,1,0.98422724
1,1,0.99998665
1,1,0.99996257
0,0,2.5030027e-05
1,1,0.9999864
0,0,2.7521224e-05
1,1,0.9999864
1,1,0.9999863
1,1,0.9999833
1,1,0.99998546
0,0,0.00014447352
1,1,0.99998605
0,0,3.4527962e-05
0,0,2.5704396e-05
0,0,2.7710663e-05
0,0,2.6752517e-05
1,1,0.9999865
0,0,0.00010437503
0,0,3.284836e-05
1,1,0.999985
1,1,0.99998033
1,1,0.99998486
1,1,0.99998355
0,0,2.9430468e-05
0,0,5.3515003e-05
0,0,8.239071e-05
1,1,0.9999738
0,0,2.7780354e-05
1,1,0.99998355
0,0,2.8837861e-05
1,1,0.999984
1,1,0.99997663
0,0,6.8747526e-05
0,0,0.00073896744
1,1,0.99998534
1,1,0.9999802
0,0,2.8956636e-05
0,0,3.9174112e-05
0,0,2.7166772e-05
1,1,0.9999862
0,0,5.239617e-05
0,0,3.7287347e-05
0,0,2.7893628e-05
1,1,0.99997985
0,0,2.517673e-05
0,0,2.6474734e-05
0,0,2.4852021e-05
0,0,3.6606154e-05
1,1,0.9999716
1,1,0.9999857
1,1,0.99998415
1,1,0.9999864
1,1,0.99998415
0,0,3.3553824e-05
1,1,0.99997187
1,1,0.9999851
1,1,0.99998164
1,1,0.9999368
1,1,0.9999815
0,0,5.8421374e-05
0,0,3.4149678e-05
0,0,2.9720775e-05
1,1,0.99998283
0,0,0.0043781106
1,1,0.99987173
0,0,2.4884652e-05
1,1,0.9999856
0,0,5.4469154e-05
0,0,2.7542783e-05
1,1,0.99998534
1,1,0.9999821
0,0,3.1492782e-05
1,1,0.99998426
0,0,0.018835556
0,0,3.0515817e-05
0,0,0.00015064697
1,1,0.99998295
1,1,0.99983275
0,0,7.389809e-05
0,0,2.7524953e-05
0,0,0.00011004612
1,1,0.99998593
0,0,3.3029228e-05
1,1,0.999982
1,1,0.9999846
1,1,0.9999857
1,1,0.9999839
1,1,0.9999856
0,0,2.8041226e-05
1,1,0.999984
0,0,0.00014370492
1,1,0.9999865
1,1,0.9999782
1,1,0.99994004
1,1,0.9999294
1,1,0.99998486
1,1,0.9999733
0,0,3.4425517e-05
1,1,0.9999856
0,0,3.3875534e-05
0,0,2.5795254e-05
1,1,0.99998343
0,0,2.6981366e-05
1,1,0.9999857
1,1,0.9999807
0,0,5.500193e-05
0,0,3.8149137e-05
0,0,2.8717877e-05
0,0,3.1208936e-05
0,0,2.5305415e-05
0,0,2.7503043e-05
0,0,2.683922e-05
1,1,0.99998593
0,0,3.1537616e-05
1,1,0.99998426
1,1,0.9999844
0,0,4.2168846e-05
0,0,3.1712516e-05
0,0,3.1954583e-05
1,1,0.9999819
1,1,0.9999869
0,0,3.7981208e-05
0,0,0.0008571437
1,1,0.99998343
1,1,0.9999857
1,1,0.9999839
1,1,0.99998355
1,1,0.9999858
1,1,0.999984
1,1,0.99998236
0,0,2.8517154e-05
0,0,3.4016997e-05
1,1,0.9999865
0,0,4.0337956e-05
1,1,0.9999559
0,0,2.5804802e-05
0,0,3.4660585e-05
1,1,0.99998283
1,1,0.9999846
0,0,6.4743544e-05
1,1,0.99998605
0,0,4.722532e-05
1,1,0.9999783
0,0,2.6387474e-05
1,1,0.99998593
1,1,0.9999862
0,0,2.6806887e-05
0,0,3.150113e-05
0,0,2.7602891e-05
1,1,0.9999739
0,0,2.714072e-05
0,0,3.0426405e-05
1,1,0.9999807
1,1,0.99998677
1,1,0.99997485
1,1,0.9999403
1,1,0.99997365
1,1,0.99997914
0,0,0.0012029884
0,0,2.4659072e-05
1,1,0.9999852
0,0,4.089243e-05
1,1,0.99998605
1,1,0.9999856
0,0,2.4054276e-05
0,0,2.6203608e-05
0,0,2.8545232e-05
1,1,0.99997604
1,1,0.9999809
0,0,0.00017605453
0,0,2.6935475e-05
1,1,0.9999864
1,1,0.9999851
0,0,0.00053351047
0,0,0.00013460254
1,1,0.9999839
0,0,3.7347523e-05
0,0,3.738825e-05
0,0,4.839537e-05
0,0,2.56773e-05
0,0,2.4919944e-05
0,0,2.6978818e-05
0,0,0.018891495
1,1,0.99998426
0,0,7.923288e-05
1,1,0.99998593
1,1,0.99998605
1,1,0.9999869
0,0,3.5712124e-05
1,1,0.99998665
1,1,0.9999845
0,0,0.0016538807
0,0,4.7254875e-05
1,1,0.99998665
1,1,0.9999838
0,0,0.00038963024
1,1,0.99998283
1,1,0.9999832
0,0,3.2088796e-05
0,0,2.603349e-05
1,1,0.9999864
1,1,0.99998486
1,1,0.9999857
1,1,0.99998116
0,0,2.8777533e-05
1,1,0.9997274
1,1,0.9960975
1,1,0.99998426
0,0,0.00022761883
0,0,3.2787142e-05
0,0,3.8982937e-05
1,1,0.9999865
0,0,6.289946e-05
1,1,0.9999715
1,0,0.0010730886
1,1,0.99998474
1,1,0.99998415
0,0,2.8992972e-05
0,0,5.236336e-05
0,0,2.435913e-05
1,1,0.9999857
0,0,7.567169e-05
0,0,4.4714114e-05
1,1,0.9999018
0,0,2.9685341e-05
1,1,0.99998415
1,1,0.9999857
1,1,0.9999156
1,1,0.9999826
1,1,0.99998367
1,1,0.9999845
0,0,2.4100866e-05
1,1,0.9997334
1,1,0.999985
1,1,0.99996364
1,1,0.99998
1,1,0.999987
1,1,0.9999641
1,1,0.99998283
1,1,0.9999813
0,0,4.2979238e-05
0,0,0.002489473
0,0,0.00022902578
0,0,5.323404e-05
1,1,0.99998283
1,1,0.99996996
0,0,6.63534e-05
0,0,2.59456e-05
1,1,0.99998474
1,1,0.99998164
0,0,0.00019109703
0,0,2.6148668e-05
0,0,0.00011081916
0,0,3.0539515e-05
0,0,7.579272e-05
1,1,0.99998
0,0,0.00033912132
0,0,2.8765133e-05
0,0,3.16526e-05
0,0,0.00046510337
0,0,0.00011688947
1,1,0.99998474
1,1,0.99998283
0,0,0.012039337
1,1,0.9999819
1,1,0.99998534
1,1,0.9999658
1,1,0.9999852
0,0,3.027595e-05
1,1,0.99998534
1,1,0.99992824
1,1,0.99998355
1,1,0.9999863
1,1,0.99998474
0,0,2.722635e-05
1,1,0.9999299
1,1,0.9999839
1,1,0.9999852
0,0,5.436366e-05
1,1,0.99998605
1,1,0.9999864
1,1,0.99998593
0,0,0.0004513883
0,0,3.5322784e-05
0,0,4.5913668e-05
0,0,6.4426364e-05
1,1,0.99995327
1,1,0.99998283
1,1,0.9999858
1,1,0.99998176
0,0,2.3416364e-05
1,1,0.99997544
0,0,2.6442183e-05
1,1,0.99998546
0,0,7.484809e-05
0,0,6.238965e-05
1,1,0.9999746
0,0,4.5644134e-05
1,1,0.99998426
0,0,8.246397e-05
1,1,0.99997735
1,1,0.99998546
0,0,3.4405624e-05
0,0,0.0145010445
1,1,0.9999863
1,1,0.9999832
1,1,0.9999807
0,0,2.6112457e-05
0,0,3.9073897e-05
1,1,0.9999778
0,0,4.7228474e-05
0,0,2.8166924e-05
0,1,0.7272968
1,1,0.9999871
0,0,2.4831317e-05
0,0,5.5348508e-05
1,1,0.9999839
0,0,2.371295e-05
0,0,3.0615593e-05
0,0,2.4745197e-05
0,0,0.0002638195
1,1,0.99997985
1,1,0.999985
0,0,4.7353034e-05
0,0,3.597663e-05
1,1,0.99998665
0,0,3.4153323e-05
1,1,0.9998011
1,1,0.9999747
1,1,0.9999838
0,0,0.013658692
0,0,5.703336e-05
1,1,0.99998474
0,0,3.6991183e-05
0,0,2.6999951e-05
1,1,0.9999845
1,1,0.99998283
0,0,2.5519646e-05
0,0,2.5993522e-05
0,0,4.6601057e-05
0,0,2.4782013e-05
0,0,2.6357791e-05
1,1,0.9999862
0,0,5.0934643e-05
1,1,0.9999833
1,1,0.99996436
0,0,9.7439246e-05
1,1,0.9999845
1,1,0.99997437
0,0,2.7754033e-05
0,0,3.201458e-05
0,0,4.107652e-05
1,1,0.9999373
0,0,2.3569155e-05
0,0,2.9515686e-05
1,1,0.9998574
1,1,0.9999752
1,1,0.99998355
1,1,0.9999844
1,1,0.99997413
1,1,0.99976593
1,1,0.99998605
0,0,2.8236418e-05
1,1,0.9999795
0,0,2.609615e-05
0,0,2.8344253e-05
0,0,3.4326775e-05
1,1,0.9999845
0,0,0.00011852491
0,0,3.265004e-05
1,1,0.9999771
0,0,0.00012375374
1,1,0.99998415
1,1,0.7826885
0,0,3.5681285e-05
1,1,0.99998724
0,0,3.6819998e-05
0,0,4.8183356e-05
1,1,0.99998343
1,1,0.9999522
0,0,4.5834266e-05
0,0,5.1614395e-05
1,1,0.9999846
0,0,4.4138615e-05
0,0,2.8301067e-05
1,1,0.9999857
1,1,0.9999814
1,1,0.9999838
0,0,0.30271506
0,0,4.222027e-05
0,0,0.001500092
0,0,2.922496e-05
0,0,3.5723573e-05
0,0,2.9711115e-05
0,0,3.5415036e-05
0,0,0.08270346
1,1,0.9999826
0,0,2.4834348e-05
1,1,0.9999751
1,1,0.9999863
1,1,0.9999863
1,1,0.9999862
1,1,0.9999808
0,0,7.341296e-05
1,1,0.9999839
0,0,7.728299e-05
0,0,4.1699885e-05
1,1,0.9999856
1,1,0.9999864
1,1,0.99987316
1,1,0.99994385
0,0,0.006057278
1,1,0.9999862
1,1,0.99998415
0,0,3.2154843e-05
0,0,2.9578016e-05
0,0,2.7005715e-05
1,1,0.99997103
0,0,2.6108399e-05
1,1,0.9999845
0,0,7.764621e-05
0,0,0.0010342796
0,0,3.061349e-05
1,1,0.9999821
1,1,0.99997735
1,1,0.99997735
0,0,2.8192828e-05
1,1,0.99998593
0,0,2.852553e-05
0,0,5.5231143e-05
1,1,0.99998224
1,1,0.99998486
0,0,2.6235113e-05
1,1,0.9999857
0,0,6.175062e-05
1,1,0.99997246
0,0,2.6853864e-05
1,1,0.99998593
1,1,0.99997234
0,0,2.8714481e-05
0,0,2.546888e-05
0,0,0.0007587995
0,0,2.9822248e-05
0,0,3.551335e-05
1,1,0.99998474
1,1,0.99998057
0,0,2.6929722e-05
1,1,0.9999832
0,0,6.140078e-05
1,1,0.99998283
1,1,0.99998236
0,0,4.4827593e-05
0,0,7.9569894e-05
0,0,2.9441191e-05
0,0,4.5643046e-05
0,0,0.0049200123
0,0,5.7949408e-05
0,0,2.545771e-05
1,1,0.9999856
0,0,3.3106106e-05
1,1,0.99998355
0,0,5.6549576e-05
1,1,0.9999862
1,1,0.99998665
1,1,0.9999858
1,1,0.99998105
0,0,3.090981e-05
1,1,0.99997425
0,0,5.379309e-05
0,0,2.5904117e-05
0,0,3.3764743e-05
1,1,0.9999825
0,0,2.4871482e-05
1,1,0.99998605
0,0,0.0002967952
0,0,2.9611265e-05
0,0,0.0008496144
1,1,0.99998105
1,1,0.9988889
0,0,2.9640754e-05
1,1,0.9999598
0,0,3.233698e-05
0,0,0.007756043
0,0,3.111393e-05
1,1,0.9999865
0,0,8.791567e-05
1,1,0.99998546
1,1,0.9999833
0,0,9.366137e-05
1,1,0.9999833
1,1,0.99998605
1,1,0.99998426
0,0,2.9523793e-05
1,1,0.99997485
0,0,2.7897699e-05
0,0,4.928174e-05
1,1,0.9999862
0,0,0.000140512
1,1,0.9998616
1,1,0.999984
1,1,0.9999796
1,1,0.9999845
0,0,7.26609e-05
0,0,4.1549836e-05
0,0,2.6942103e-05
1,1,0.99997556
0,0,2.6674841e-05
0,0,2.68616e-05
1,1,0.9999839
1,1,0.999985
1,1,0.9999496
1,1,0.9999728
0,0,4.0386065e-05
1,1,0.9999856
0,0,6.892766e-05
1,1,0.99998605
1,1,0.9999788
0,0,2.8918384e-05
0,0,2.8195866e-05
0,0,3.51562e-05
1,1,0.9999827
0,0,0.01626473
0,0,3.8005703e-05
0,0,7.034927e-05
0,0,2.563585e-05
0,0,4.3395612e-05
0,0,0.000105929605
1,1,0.99998605
0,0,3.4448603e-05
1,1,0.999982
1,1,0.9999858
1,1,0.99998
0,0,0.00028343117
0,0,3.6404657e-05
0,0,5.897862e-05
0,0,8.5682965e-05
0,0,5.6230794e-05
0,0,4.5488006e-05
1,1,0.99997187
0,0,2.6891483e-05
0,0,3.5691937e-05
0,0,2.7745722e-05
0,0,3.339084e-05
0,0,2.5159497e-05
1,1,0.9999751
1,1,0.999982
0,0,3.2324926e-05
1,1,0.99998605
1,1,0.999985
0,0,4.065125e-05
1,1,0.9999852
0,0,9.824508e-05
1,1,0.9999857
0,0,4.6143366e-05
1,1,0.9999733
1,1,0.9999833
0,0,3.476811e-05
1,1,0.99998534
0,0,4.0891886e-05
1,1,0.9997197
1,1,0.99998474
1,1,0.9999809
0,0,2.7268885e-05
1,1,0.99998116
1,0,0.021555154
1,1,0.9999809
0,0,2.5104155e-05
1,1,0.9999844
1,1,0.9999851
0,0,3.7680908e-05
1,1,0.99998546
0,0,2.6195263e-05
0,0,2.6175485e-05
1,1,0.9999832
0,0,3.3266246e-05
0,0,3.2445994e-05
0,0,0.00034814447
1,1,0.9999833
1,1,0.9999788
1,1,0.9999697
0,0,2.9479626e-05
0,0,3.9503346e-05
1,1,0.99995303
0,0,0.00042344292
0,0,2.890488e-05
1,1,0.9999856
0,0,2.4926336e-05
0,0,4.108921e-05
0,0,0.001179911
0,0,4.926327e-05
1,1,0.99998534
1,1,0.9999869
0,0,2.5949807e-05
0,0,2.933461e-05
1,1,0.99998057
0,0,2.6056883e-05
0,0,0.00024896747
0,0,3.0883082e-05
1,1,0.9999856
0,0,3.1329462e-05
0,0,2.6068814e-05
0,0,2.9597148e-05
1,1,0.99998593
0,0,3.529501e-05
0,0,3.41893e-05
1,1,0.999982
0,0,2.5349518e-05
0,0,4.3990025e-05
1,1,0.9999831
0,0,2.7917607e-05
0,0,5.1168136e-05
1,1,0.99998295
1,1,0.9999757
0,0,2.5383748e-05
1,1,0.99997234
0,0,0.0001852176
1,1,0.9998735
0,0,2.5463682e-05
1,1,0.9999846
0,0,0.00048698694
1,1,0.9999846
0,0,4.830947e-05
1,1,0.99998367
1,1,0.9999869
1,1,0.9999794
0,0,3.0847263e-05
0,0,6.11557e-05
0,0,3.9410403e-05
0,0,0.0001843882
0,0,2.617918e-05
1,1,0.99998605
0,0,3.1153275e-05
1,1,0.99998295
1,1,0.9999862
0,0,3.3391698e-05
1,1,0.99998546
0,0,6.722738e-05
1,1,0.9999838
1,1,0.99998474
1,1,0.9999858
1,1,0.9999827
1,1,0.9999865
1,1,0.99997747
0,0,2.721869e-05
0,0,3.8786628e-05
1,1,0.99998665
1,1,0.9981981
0,0,2.7379629e-05
0,0,0.0012083324
1,1,0.999979
1,1,0.9999814
0,0,3.322091e-05
0,0,0.00023893527
1,1,0.9999559
0,0,2.8788234e-05
1,1,0.99998474
1,1,0.99998367
0,0,0.00031972222
0,0,7.713103e-05
1,1,0.9999857
0,0,5.1614395e-05
0,0,3.281517e-05
0,0,2.5033654e-05
1,1,0.99998534
1,1,0.9999764
1,1,0.99998057
1,1,0.99998355
0,0,0.00012933537
0,0,3.0988285e-05
0,0,3.6934292e-05
1,1,0.99998224
0,0,3.0443152e-05
1,1,0.99998546
1,1,0.99998534
0,0,2.5122717e-05
1,1,0.99998546
1,1,0.9999858
1,1,0.99991596
0,0,7.470077e-05
1,1,0.9999856
0,0,6.232079e-05
0,0,3.7229216e-05
1,1,0.99997294
0,0,3.1813594e-05
1,1,0.9999863
0,0,0.0011670453
0,0,3.53041e-05
1,1,0.99998224
1,1,0.99998474
0,0,2.5538588e-05
1,1,0.99998415
1,1,0.99997663
1,1,0.999987
0,0,0.00022187519
1,1,0.99998474
1,1,0.99998593
1,1,0.9999856
1,1,0.9999856
0,0,2.7730697e-05
0,0,2.5393409e-05
0,0,3.0484867e-05
0,0,2.3710554e-05
0,0,2.399393e-05
0,0,2.4488072e-05
0,0,3.9712257e-05
0,0,3.7579783e-05
1,1,0.9999858
1,1,0.99998105
1,1,0.99998415
1,1,0.99998343
1,1,0.9999858
1,1,0.9999224
1,1,0.99998605
0,0,2.546412e-05
1,1,0.999967
0,0,4.055797e-05
1,1,0.9999864
1,1,0.9999832
0,0,2.56184e-05
0,0,3.4682773e-05
0,0,2.8424596e-05
1,1,0.99998546
0,0,0.00014153034
1,1,0.9999846
0,0,2.6050722e-05
1,1,0.99998045
1,1,0.99998295
1,1,0.99998534
0,0,3.024314e-05
0,0,6.6875575e-05
0,0,2.5809522e-05
0,0,2.5435242e-05
1,1,0.9999862
1,1,0.99998593
1,1,0.9999846
0,0,2.5104562e-05
1,1,0.99998534
1,1,0.999987
1,1,0.99998546
0,0,2.9632049e-05
0,0,2.5821244e-05
0,0,5.6590623e-05
0,0,2.8811746e-05
1,1,0.99998415
0,0,2.9465655e-05
1,1,0.99997425
1,1,0.9999839
0,0,3.3247372e-05
0,0,0.008368799
1,1,0.9999801
1,1,0.99998367
0,0,2.5274398e-05
1,1,0.999979
1,1,0.999979
0,0,0.004958108
1,1,0.9999752
0,0,7.462943e-05
0,0,3.9287246e-05
0,0,2.8868679e-05
1,1,0.9999863
0,0,2.961923e-05
1,1,0.99998426
0,0,3.038236e-05
1,1,0.99998534
1,1,0.9999763
1,1,0.9999844
0,0,5.499422e-05
0,0,3.340775e-05
0,0,3.9970197e-05
1,1,0.99997747
1,1,0.99998605
1,1,0.9999795
0,0,6.924058e-05
0,0,2.6791142e-05
1,1,0.9999856
1,1,0.9999852
1,1,0.9999796
1,1,0.9999826
0,0,5.1402887e-05
1,1,0.9999864
1,1,0.9999633
0,0,0.0003000972
1,1,0.9999857
0,0,2.6135653e-05
0,0,0.00011870894
1,1,0.9999788
1,1,0.99998224
1,1,0.9999863
0,0,4.5464283e-05
0,0,3.096424e-05
1,1,0.99998546
0,0,5.874097e-05
1,1,0.99998224
1,1,0.99998474
1,1,0.9999807
1,1,0.99989784
0,0,2.6783835e-05
0,0,3.8300852e-05
1,1,0.999984
0,0,2.4097464e-05
0,0,2.8457545e-05
0,0,2.6744125e-05
0,0,2.810068e-05
0,0,3.711054e-05
1,1,0.9999783
0,0,3.0026085e-05
0,0,2.5347945e-05
0,0,2.5762778e-05
1,1,0.9999858
1,1,0.9999845
0,0,0.19597982
1,1,0.999984
1,1,0.99998224
0,0,5.8070942e-05
0,0,6.4259955e-05
0,0,2.80196e-05
1,1,0.99998486
0,0,3.1792726e-05
1,1,0.9999863
1,1,0.99998605
0,0,0.00021406403
1,1,0.9999863
1,1,0.9999809
0,0,3.25581e-05
1,1,0.99998534
0,0,2.5289639e-05
0,0,2.7096501e-05
0,0,2.9520472e-05
0,0,2.801025e-05
0,0,5.6328685e-05
0,0,3.4964087e-05
1,1,0.99998415
0,0,2.472574e-05
1,1,0.9999857
1,1,0.9999827
1,1,0.99997437
0,0,3.643668e-05
1,1,0.9999716
0,0,4.3044085e-05
1,1,0.9999856
0,0,0.0029453656
1,1,0.99986696
1,1,0.99998474
1,1,0.9999865
1,1,0.99989927
1,1,0.99998355
1,1,0.9999856
0,0,3.0693536e-05
0,0,0.00019848054
1,1,0.9999796
1,1,0.99998665
0,0,3.5399364e-05
1,1,0.99998295
1,1,0.9999852
0,0,8.306092e-05
1,1,0.9999863
1,1,0.99998677
0,0,3.2236883e-05
1,1,0.99998593
1,1,0.9999862
1,1,0.9999771
0,0,2.5817057e-05
0,0,2.9598501e-05
0,0,3.023002e-05
0,0,2.6169544e-05
1,1,0.9999838
0,0,3.9759507e-05
1,1,0.9999838
1,1,0.9999832
1,1,0.99997914
1,1,0.99998605
0,0,3.2770764e-05
1,1,0.99998546
0,0,2.842118e-05
0,0,2.5544727e-05
0,0,3.6410696e-05
1,1,0.99998474
0,0,5.6311612e-05
0,0,4.6720223e-05
1,1,0.9999858
0,0,0.0012488693
0,0,5.20118e-05
1,1,0.99998426
0,0,2.7037802e-05
0,0,5.1674968e-05
0,0,4.2802374e-05
1,1,0.99998534
0,0,5.3217092e-05
0,0,3.1932563e-05
0,0,4.1587617e-05
0,0,4.2612755e-05
1,1,0.99998546
0,0,6.9154805e-05
0,0,2.927215e-05
1,1,0.9999796
1,1,0.9999864
1,1,0.9999858
1,1,0.99996734
1,1,0.9998964
1,1,0.99998474
0,0,0.00036667587
0,0,3.2978678e-05
0,0,3.1010546e-05
0,0,0.0001487972
0,0,3.3405682e-05
1,1,0.9999831
0,0,2.4984642e-05
0,0,2.9369237e-05
0,0,3.1020783e-05
0,0,2.9478446e-05
0,0,3.6590027e-05
1,1,0.99998224
1,1,0.999984
0,0,8.4709514e-05
1,1,0.9999857
1,1,0.904976
1,1,0.99998367
0,0,3.0868538e-05
0,0,2.4749892e-05
0,0,0.0004491799
0,0,2.4969375e-05
0,0,3.0758434e-05
1,1,0.9999833
1,1,0.99998665
0,0,2.929237e-05
0,0,3.3290908e-05
0,0,2.9006578e-05
1,1,0.9999852
1,1,0.99996126
1,1,0.9999827
1,1,0.99998367
1,1,0.999984
0,0,0.005054238
1,1,0.99998605
0,0,4.7695383e-05
1,1,0.99998343
1,1,0.99998486
0,0,2.528496e-05
0,0,4.3500568e-05
0,0,3.2825e-05
1,1,0.99998665
1,1,0.99998
0,0,3.7821927e-05
0,0,0.02628033
1,1,0.9999808
0,0,2.4447425e-05
0,0,2.3961184e-05
0,0,2.4969471e-05
1,1,0.9999857
1,1,0.9999863
0,0,4.33717e-05
1,1,0.9999783
1,1,0.9999869
1,1,0.9999845
0,0,2.4078465e-05
1,1,0.9999821
0,0,2.9117577e-05
1,1,0.9999807
1,1,0.9999856
0,0,3.495665e-05
0,0,2.8654711e-05
0,0,2.8149901e-05
1,1,0.9999846
0,0,0.059498854
1,1,0.999959
0,0,2.5479523e-05
1,1,0.99997723
0,0,6.644529e-05
0,0,3.6074063e-05
1,1,0.9999529
1,1,0.99998593
0,0,8.870914e-05
1,1,0.9999875
0,0,3.4490055e-05
1,1,0.99997926
1,1,0.9999852
0,0,2.6162861e-05
0,0,5.1083294e-05
0,0,8.418288e-05
0,0,4.4256965e-05
0,0,0.00044858683
0,0,3.1858952e-05
0,0,0.0005195733
0,0,5.4821216e-05
0,0,3.221021e-05
1,1,0.99997985
0,0,3.7944505e-05
0,0,0.00032525157
1,1,0.99998534
0,0,7.6051045e-05
0,0,3.076078e-05
1,1,0.9999857
0,0,3.0441206e-05
1,1,0.999899
0,0,2.9765986e-05
0,0,4.498167e-05
0,0,2.9495037e-05
0,0,3.2775013e-05
0,0,3.18674e-05
1,1,0.9999869
0,0,3.665981e-05
1,1,0.9999839
0,0,3.841975e-05
1,1,0.9999825
1,1,0.99998116
1,1,0.99998534
0,0,8.9532456e-05
0,0,4.05902e-05
0,0,3.0992305e-05
1,1,0.99998367
1,1,0.99998474
0,0,2.7974316e-05
1,1,0.999985
1,1,0.9997886
0,0,2.471494e-05
1,1,0.9999844
0,0,3.9962193e-05
0,0,2.9292229e-05
0,0,2.8133823e-05
0,0,4.040914e-05
1,1,0.99998415
1,1,0.9999864
1,1,0.9999056
1,1,0.9999856
0,0,2.458452e-05
0,0,7.1938906e-05
0,0,3.1324027e-05
1,1,0.9999831
1,1,0.99996865
0,0,0.00028458927
0,0,3.113245e-05
0,0,5.212929e-05
0,0,3.5903904e-05
1,1,0.99998415
0,0,3.36783e-05
0,0,7.850299e-05
0,0,3.1571264e-05
0,0,5.856831e-05
1,1,0.99998665
0,0,3.825683e-05
0,0,2.7500158e-05
1,1,0.99998343
1,1,0.99998224
0,0,2.5535472e-05
1,1,0.99998224
0,0,3.769004e-05
1,1,0.9999831
1,1,0.9999808
0,0,5.6346955e-05
0,0,4.146323e-05
1,1,0.9999826
0,0,3.1767755e-05
0,0,2.5258978e-05
0,0,2.5931304e-05
0,0,2.6566695e-05
1,1,0.9999857
0,0,4.9673545e-05
1,1,0.9999858
1,1,0.9999851
1,1,0.99998343
1,1,0.99998593
1,1,0.9999856
1,1,0.9999814
1,1,0.99998057
0,0,4.4160846e-05
1,1,0.99998474
0,0,3.312673e-05
0,0,0.056739576
1,1,0.9999759
1,1,0.9999865
1,1,0.99998546
1,1,0.9999833
1,1,0.9999865
1,1,0.9999851
1,1,0.9999826
1,1,0.9999826
1,1,0.99998367
1,1,0.9999813
0,0,0.0001681418
1,1,0.99998355
1,1,0.9999845
0,0,7.291425e-05
0,0,3.388348e-05
0,0,3.6058653e-05
1,1,0.99998057
0,0,6.11676e-05
1,1,0.99996316
1,1,0.99998546
1,1,0.9999851
0,0,4.0520703e-05
1,1,0.9999857
0,0,0.0017607646
1,1,0.99998486
1,1,0.99998605
0,0,2.5762114e-05
0,0,5.8678495e-05
1,1,0.99996173
1,1,0.9999863
1,1,0.9999825
0,0,2.3682305e-05
0,0,2.6483927e-05
1,1,0.9999852
1,1,0.99998724
1,1,0.99992585
0,0,0.0002273991
1,1,0.9999852
1,1,0.9999852
0,0,3.4873774e-05
1,1,0.99998546
0,0,4.6312736e-05
0,0,2.7538317e-05
1,1,0.9999863
1,1,0.99998057
0,0,2.964935e-05
1,1,0.999985
0,0,3.230372e-05
0,0,3.2059248e-05
1,1,0.99998605
0,0,3.8286173e-05
1,1,0.9999827
0,0,3.481878e-05
1,1,0.9999809
1,1,0.9999665
0,0,2.5418363e-05
1,1,0.99998224
0,0,4.4988275e-05
1,1,0.9999852
0,0,3.5722005e-05
1,1,0.99998116
1,1,0.9999844
0,0,0.00018655721
0,0,4.7113448e-05
0,0,5.89055e-05
1,1,0.9999832
0,0,2.7375345e-05
1,1,0.9999863
0,0,2.6306112e-05
0,0,0.000110161185
0,0,2.9230368e-05
1,1,0.99996984
0,0,2.8711198e-05
1,1,0.9999734
1,1,0.9999826
1,1,0.99995697
0,0,0.00035571845
0,0,0.0032668393
0,0,2.8854285e-05
1,1,0.9995752
1,1,0.9999447
1,1,0.99998605
1,1,0.9999784
1,1,0.9999845
0,0,6.876156e-05
1,1,0.9999666
0,0,3.226573e-05
1,1,0.9999802
0,0,0.00047855198
0,0,2.657764e-05
0,0,2.7152242e-05
0,0,3.5990975e-05
1,1,0.99996126
0,0,3.4568064e-05
1,1,0.9999695
1,1,0.999987
0,0,0.0002685824
1,1,0.9999845
0,0,3.0294379e-05
1,1,0.9999832
1,1,0.99997425
0,0,4.1051382e-05
0,0,0.00014731611
0,0,3.644752e-05
1,1,0.9999825
1,1,0.99998677
1,1,0.99998295
1,1,0.99998105
1,1,0.9999863
0,0,3.5528694e-05
1,1,0.99997365
0,0,4.0787123e-05
1,1,0.9999856
1,1,0.99997973
1,1,0.99998045
1,1,0.9999852
1,1,0.99998355
1,1,0.9999845
0,0,3.6876892e-05
1,1,0.999985
1,1,0.9999795
0,0,3.0141358e-05
0,0,3.084723e-05
1,1,0.99997985
1,1,0.999987
1,1,0.9999763
0,0,3.117972e-05
0,0,0.00011560607
1,1,0.99998295
0,0,2.8957435e-05
1,1,0.9999864
0,0,5.7215686e-05
1,1,0.9999839
0,0,0.00017483566
0,0,4.0913146e-05
0,0,2.8874187e-05
0,0,3.9413408e-05
0,0,3.2490883e-05
0,0,0.00048087855
0,0,2.7284077e-05
1,1,0.9999832
0,0,2.588125e-05
1,1,0.9999857
0,0,2.7486052e-05
0,0,5.9768747e-05
0,0,4.0983396e-05
0,0,2.9404067e-05
1,1,0.99998724
1,1,0.9999865
0,0,5.6892943e-05
1,1,0.9999838
0,0,2.5211184e-05
1,1,0.9999777
0,0,0.00010285583
1,1,0.99998415
1,1,0.9999845
1,1,0.99998367
1,1,0.99998546
1,1,0.99998546
0,0,2.362609e-05
0,0,2.6720467e-05
1,1,0.9999678
0,0,3.729058e-05
0,0,2.783822e-05
0,0,4.433469e-05
1,1,0.9999856
0,0,3.0197349e-05
0,0,2.9766754e-05
1,1,0.9999839
0,0,5.7525012e-05
1,1,0.9999839
1,1,0.99998677
0,0,2.6131887e-05
0,0,4.26386e-05
1,1,0.99998665
0,0,2.8680928e-05
0,0,0.00041513584
0,0,3.0513635e-05
0,0,2.8724286e-05
1,1,0.99998415
0,0,3.482708e-05
1,1,0.9999777
1,1,0.9999856
0,0,3.119477e-05
0,0,6.8014975e-05
0,0,9.453652e-05
0,0,5.943176e-05
1,1,0.9999809
1,1,0.9999825
1,1,0.99998605
0,0,0.008834886
1,1,0.9999697
0,0,2.725469e-05
1,1,0.9999857
1,1,0.99997854
0,0,3.5949502e-05
1,1,0.9999865
0,0,0.0012095378
1,1,0.99997723
1,1,0.999967
0,0,2.634671e-05
0,0,3.648174e-05
0,0,0.00011947195
1,1,0.9999372
1,1,0.9999782
0,0,5.668141e-05
1,1,0.99998486
0,0,9.268608e-05
1,1,0.9999858
0,0,3.8493166e-05
1,1,0.9999367
0,0,3.1084717e-05
0,0,0.000103646846
0,0,0.00015732161
1,1,0.999985
0,0,3.2154137e-05
0,0,2.8165878e-05
1,1,0.9999796
0,0,3.678143e-05
0,0,3.0226098e-05
0,0,2.9709867e-05
1,1,0.99998486
1,1,0.9999857
0,0,2.6799296e-05
1,1,0.9999858
0,0,0.0001276855
0,0,0.0025232527
1,1,0.9999856
1,1,0.99997675
1,1,0.9999844
1,1,0.99998665
0,0,4.114611e-05
1,1,0.9999807
0,0,2.9633746e-05
0,0,3.125981e-05
0,0,2.5918052e-05
1,1,0.99998415
1,1,0.9999815
1,1,0.9999865
1,1,0.9999707
0,0,3.207573e-05
1,1,0.9999845
0,0,4.3016797e-05
1,1,0.99998605
1,1,0.99998057
1,1,0.9999714
1,1,0.99998534
0,0,2.8732204e-05
1,1,0.9999839
1,1,0.9999832
1,1,0.99998105
1,1,0.99998355
1,1,0.99997747
0,0,0.00013478466
1,1,0.99998546
1,1,0.9999852
0,0,3.256484e-05
1,1,0.9999838
0,1,0.9999646
1,1,0.9999862
1,1,0.9999856
0,0,3.420515e-05
0,0,0.041615866
1,1,0.99998605
0,0,3.232246e-05
0,0,3.9790193e-05
1,1,0.9999862
1,1,0.99997807
1,1,0.999985
1,1,0.9999869
1,1,0.99998283
0,0,2.5068393e-05
1,1,0.9999732
1,1,0.97367406
0,0,4.4097884e-05
0,0,3.8173523e-05
1,1,0.99998677
1,1,0.9999783
1,1,0.9999825
0,0,2.8954979e-05
0,0,3.0163184e-05
1,1,0.99997973
1,1,0.99998593
1,1,0.98949707
0,0,2.8441731e-05
1,1,0.99998593
1,1,0.999984
1,1,0.99998605
0,0,2.3562301e-05
1,1,0.99997413
0,0,4.0303043e-05
1,1,0.99998534
1,1,0.9999852
0,0,0.00040381803
0,0,0.011974919
1,1,0.99998605
0,0,5.926306e-05
1,1,0.9999869
1,1,0.999985
0,0,0.00028827068
1,1,0.9999856
1,1,0.9999529
0,0,3.6180143e-05
1,1,0.9999603
0,0,4.4718246e-05
1,1,0.99998593
1,1,0.99998593
0,0,2.916607e-05
1,1,0.9999802
1,1,0.9999057
1,1,0.9999776
1,1,0.9999788
0,0,5.775356e-05
1,1,0.99998176
0,0,3.726079e-05
0,0,3.0357076e-05
0,0,7.172163e-05
1,1,0.9999807
1,1,0.9999833
1,1,0.9999844
0,0,2.5568415e-05
0,0,2.9188079e-05
1,1,0.99998665
1,1,0.9999844
1,1,0.9999851
1,1,0.99998486
1,1,0.9999844
1,1,0.99997413
1,1,0.99998605
1,1,0.9999863
1,1,0.99997926
0,0,2.8011531e-05
1,1,0.9999658
1,1,0.99998176
1,1,0.99997663
0,0,2.7047963e-05
1,1,0.9999844
1,1,0.9999746
1,1,0.99998415
0,0,0.00022797156
0,0,3.0446025e-05
0,0,0.00029831522
0,0,0.00018423899
1,1,0.9999865
1,1,0.999979
0,0,7.945881e-05
1,1,0.99998164
0,0,2.714564e-05
1,1,0.9999856
1,1,0.9999864
0,0,4.5591456e-05
1,1,0.9999862
0,0,2.4989478e-05
0,0,3.1308882e-05
0,0,3.22099e-05
1,1,0.9999862
0,0,0.00020555376
0,0,2.7378845e-05
1,1,0.9999808
0,0,3.510732e-05
1,1,0.88786924
1,1,0.9999628
0,0,2.52221e-05
1,1,0.99998593
0,0,4.7277772e-05
1,1,0.9997178
1,1,0.9999809
0,0,2.8189634e-05
1,1,0.9999794
0,0,3.0707113e-05
1,1,0.9999863
0,0,6.52996e-05
0,0,5.8706988e-05
0,0,2.4238401e-05
1,1,0.99998534
1,1,0.9999844
0,0,2.6893946e-05
1,1,0.99998057
1,1,0.9999851
0,0,2.7683798e-05
0,0,3.282515e-05
1,1,0.9996697
0,0,3.897e-05
0,0,3.8282302e-05
1,1,0.9999865
1,1,0.999987
0,0,2.6056461e-05
0,0,0.0002902483
0,0,2.606419e-05
1,1,0.99998116
1,1,0.99998367
0,0,5.9414935e-05
1,1,0.9999851
0,0,5.3089258e-05
1,1,0.9999851
0,0,3.2243464e-05
1,1,0.9999863
0,0,0.0013296608
1,1,0.9999826
0,0,2.6486605e-05
1,1,0.9999831
0,0,0.00035826585
0,0,3.265496e-05
1,1,0.9999865
0,0,5.0522096e-05
1,1,0.99998105
1,1,0.99998343
1,1,0.9999857
0,0,5.6360386e-05
0,0,2.788541e-05
1,1,0.9999763
1,1,0.9999125
0,0,4.314329e-05
1,1,0.99998546
1,1,0.99998486
1,1,0.99998534
1,1,0.9999845
0,0,7.739207e-05
0,0,3.8672464e-05
0,0,3.2037675e-05
1,1,0.59532684
1,1,0.9999807
1,1,0.9999814
0,0,3.049641e-05
0,0,3.6592293e-05
1,1,0.9999856
0,0,2.5837502e-05
1,1,0.9999852
1,1,0.9999852
1,1,0.9999851
1,1,0.9996598
1,1,0.99997735
1,1,0.99998355
0,0,2.4916473e-05
0,0,5.9392958e-05
0,0,3.4141733e-05
1,1,0.9999844
0,0,8.115756e-05
1,1,0.9999857
0,0,0.000118476884
0,0,2.7656013e-05
0,0,2.7847567e-05
0,0,0.0055884095
1,1,0.9999852
0,0,3.5147485e-05
0,0,4.6227793e-05
0,0,0.00043234514
1,1,0.99997926
0,0,6.478579e-05
1,1,0.99998605
0,0,0.0002315102
0,0,2.9213646e-05
0,0,3.7730093e-05
0,0,2.8636547e-05
0,0,3.1511947e-05
0,0,2.779281e-05
0,0,6.220193e-05
1,1,0.99998546
0,0,4.222474e-05
0,0,2.741302e-05
0,0,0.0001091283
0,0,3.6247937e-05
0,0,2.7127782e-05
0,0,2.6617414e-05
1,1,0.99998486
1,1,0.9999833
0,0,0.00021870031
0,0,4.7027752e-05
1,1,0.99997663
1,1,0.9999846
1,1,0.9999747
1,1,0.99997115
0,0,3.53077e-05
1,1,0.9999856
0,0,3.153536e-05
1,1,0.9999807
0,0,2.5259025e-05
0,0,2.6927051e-05
0,0,2.483989e-05
1,1,0.99998367
0,0,2.8068866e-05
0,0,2.5599009e-05
1,1,0.9999831
0,0,3.764323e-05
1,1,0.99998033
0,0,2.5245105e-05
0,0,2.6608022e-05
0,0,2.3853661e-05
0,0,6.4416774e-05
0,0,3.6551173e-05
0,0,2.9510733e-05
0,0,2.6145699e-05
1,1,0.9999789
0,0,2.69956e-05
0,0,2.822234e-05
0,0,4.3200605e-05
1,1,0.9999832
0,0,3.0310675e-05
0,0,4.419362e-05
1,1,0.9998442
0,0,6.181573e-05
1,1,0.9999815
1,1,0.9999467
0,0,3.174017e-05
1,1,0.9999871
1,1,0.99997485
1,1,0.9999846
1,1,0.99998426
1,1,0.9999664
1,1,0.9999174
1,1,0.99998534
0,0,7.6029864e-05
0,0,0.0011735042
1,1,0.99998236
1,1,0.9999838
1,1,0.9999807
1,1,0.9999832
0,0,3.116569e-05
1,1,0.9999846
0,0,0.0001228504
1,1,0.9999809
1,1,0.9999796
0,0,3.9813043e-05
1,1,0.9999858
0,0,2.3708653e-05
1,1,0.9928375
0,0,3.724971e-05
1,1,0.99997866
0,0,2.4546383e-05
1,1,0.9999833
1,1,0.99996257
1,1,0.9999856
1,1,0.999629
1,1,0.9999862
0,0,6.308555e-05
1,1,0.9999869
0,0,2.8252822e-05
0,0,0.0001723992
1,1,0.99998057
1,1,0.9999833
0,0,9.192786e-05
1,1,0.99998224
0,0,3.135535e-05
0,0,0.00016322733
1,1,0.9999863
0,0,2.6128848e-05
0,0,0.000106406646
1,1,0.99991167
0,0,2.510892e-05
0,0,2.589325e-05
1,1,0.99998426
0,0,2.4624362e-05
1,1,0.9999858
0,0,2.5833635e-05
0,0,3.6332305e-05
1,1,0.99998343
0,0,2.9072016e-05
1,1,0.999985
1,1,0.99998593
0,0,3.084094e-05
0,0,3.0956562e-05
0,0,3.81487e-05
0,0,2.6324858e-05
1,1,0.9999851
1,1,0.98139864
1,1,0.9999869
1,1,0.99998593
1,1,0.9999839
1,1,0.9999869
0,0,3.0203108e-05
1,1,0.9999851
1,1,0.9999852
0,0,2.931316e-05
0,0,2.5318426e-05
0,0,4.966255e-05
0,0,3.2702203e-05
0,0,7.354693e-05
0,0,3.500599e-05
1,1,0.9999871
1,1,0.9999863
1,1,0.9999819
0,0,2.6689497e-05
1,1,0.99998546
1,1,0.9999703
0,0,5.8084184e-05
0,0,2.5638345e-05
0,0,3.7112026e-05
0,0,0.00013593496
0,0,4.3169835e-05
0,0,3.6140762e-05
0,0,3.5944187e-05
0,0,2.5112657e-05
1,1,0.9999851
1,1,0.9999809
0,0,4.428365e-05
0,0,2.7298678e-05
0,0,0.00012693151
0,0,3.8400183e-05
0,0,2.8382961e-05
1,1,0.999966
0,0,2.7364908e-05
0,0,2.9895511e-05
0,0,6.098372e-05
1,1,0.99996114
0,0,0.00041262558
1,1,0.9999846
0,0,3.3425116e-05
1,1,0.9999833
1,1,0.99998355
0,0,2.978973e-05
1,1,0.99998176
1,1,0.9999759
1,1,0.9999857
1,1,0.9999862
0,0,3.4249737e-05
0,0,3.0628442e-05
0,0,6.581285e-05
0,0,7.604509e-05
1,1,0.9999845
1,1,0.9999851
1,1,0.99997616
0,0,5.109051e-05
1,1,0.9999727
1,1,0.99998033
1,1,0.9999857
1,1,0.9999838
0,0,7.670363e-05
1,1,0.99996626
0,0,2.5724306e-05
0,0,2.4757259e-05
0,0,2.4606876e-05
1,1,0.99846315
1,1,0.9999857
1,1,0.9999858
1,1,0.99998474
0,0,2.5172409e-05
0,0,4.598803e-05
0,0,3.6786303e-05
0,0,2.7500264e-05
0,0,0.00027658872
1,1,0.9999788
0,0,0.00018046971
1,1,0.9999826
0,0,5.0650222e-05
0,0,7.2840725e-05
1,0,0.08972536
0,0,2.5754967e-05
0,0,0.0006646062
1,1,0.9999865
0,0,3.1999687e-05
1,1,0.99998426
0,0,2.5558496e-05
1,1,0.99998546
1,1,0.9999862
1,1,0.9999864
0,0,4.367977e-05
0,0,4.96368e-05
0,0,2.7134201e-05
0,0,5.214326e-05
0,0,0.00013144124
0,0,0.0011732783
0,0,4.2319312e-05
0,0,0.00015882525
1,1,0.99961495
0,0,0.00038651322
1,1,0.9999832
0,0,2.5704787e-05
1,1,0.9999832
1,1,0.9999534
1,1,0.999985
1,1,0.9999839
1,1,0.99998486
0,0,2.9085439e-05
1,1,0.9999831
0,0,2.7101076e-05
0,0,2.8678303e-05
0,0,5.3227846e-05
1,1,0.99998474
1,1,0.9999851
0,0,0.00029969434
0,0,3.320064e-05
0,0,3.0162406e-05
1,1,0.99998474
1,1,0.9999838
1,1,0.9999827
0,0,2.790994e-05
0,0,2.775742e-05
0,0,2.848614e-05
0,0,2.8159377e-05
0,0,5.0539158e-05
1,1,0.9999796
1,1,0.9999852
0,0,2.5483361e-05
1,1,0.99998295
0,0,3.0562445e-05
0,0,3.2221084e-05
1,1,0.9999769
1,1,0.9999335
0,0,2.909848e-05
1,1,0.9999547
0,0,3.8552644e-05
0,0,3.112767e-05
0,0,2.4385345e-05
0,1,0.96549416
1,1,0.9999844
1,1,0.9999814
1,1,0.9999857
1,1,0.9999852
1,1,0.99998057
1,1,0.99998486
1,1,0.9999845
1,1,0.99998415
0,0,2.975489e-05
0,0,3.1237818e-05
1,1,0.9999782
0,0,0.0025813694
0,0,0.00014716377
0,0,2.3468541e-05
0,0,2.3831197e-05
0,0,2.8703313e-05
1,1,0.9999815
0,0,0.007611378
0,0,3.2957745e-05
0,0,3.3340657e-05
0,0,2.5649546e-05
0,0,0.05179109
0,0,2.5231819e-05
0,0,7.036712e-05
1,1,0.9999851
0,0,0.00022722744
1,1,0.9999702
0,0,3.3299704e-05
0,0,2.8721273e-05
0,0,0.00017312235
0,0,3.200616e-05
0,0,0.00029138755
0,0,3.30902e-05
0,0,2.695187e-05
1,1,0.99996316
0,0,2.4915309e-05
0,0,4.4936052e-05
0,0,0.000821896
1,1,0.9999856
1,1,0.9999863
1,1,0.9999869
0,0,2.5884707e-05
0,0,0.0008412945
1,1,0.9998665
1,1,0.99998593
1,1,0.99998164
1,1,0.9999852
1,1,0.9999846
1,1,0.9999844
0,0,3.1301926e-05
1,1,0.9999807
0,0,3.039856e-05
0,0,0.00025388686
1,1,0.999974
0,0,3.3788518e-05
0,0,3.1716932e-05
0,0,9.0809146e-05
1,1,0.9999846
0,0,7.93656e-05
0,0,3.003439e-05
1,1,0.9999852
1,1,0.99998534
0,0,0.0072925426
0,0,4.1903506e-05
1,1,0.9999858
0,0,2.6381507e-05
1,1,0.9999833
1,1,0.9999832
0,0,2.7165323e-05
0,0,4.1897514e-05
1,1,0.9999738
0,0,2.6523529e-05
1,1,0.9999844
1,1,0.99997485
0,0,3.6406393e-05
0,0,6.764969e-05
0,0,2.9471137e-05
1,1,0.9999865
0,0,0.00022826802
0,0,0.000247514
1,1,0.99998164
1,1,0.99997354
1,1,0.9999845
1,1,0.9999851
1,1,0.99998605
1,1,0.9999846
0,0,2.7971917e-05
1,1,0.99998486
0,0,2.7992359e-05
1,1,0.99846005
0,0,0.000119464086
0,0,2.6680438e-05
0,0,6.876117e-05
0,0,2.9577055e-05
1,1,0.99997675
0,0,2.4902267e-05
0,0,2.9363244e-05
1,1,0.9999856
1,1,0.999985
0,0,2.9945732e-05
1,1,0.9999839
0,0,5.213356e-05
1,1,0.9999088
1,1,0.99998176
1,1,0.99998367
1,1,0.9999864
0,0,2.5982246e-05
1,1,0.99998474
0,0,2.8213244e-05
1,1,0.9999863
1,1,0.99998534
1,1,0.99985015
0,0,2.7232503e-05
1,1,0.99998677
0,0,2.5397767e-05
0,0,4.4181652e-05
0,0,4.404951e-05
1,1,0.9998745
0,0,0.00243281
1,1,0.99997616
1,1,0.99997914
1,1,0.99975294
1,1,0.999974
1,1,0.9999864
1,1,0.9999746
0,0,2.5565661e-05
0,0,4.4764194e-05
0,0,0.00031300678
0,0,3.16211e-05
0,0,2.6249181e-05
1,1,0.999985
1,1,0.9999844
0,0,3.5267924e-05
0,0,4.3580825e-05
1,1,0.9999844
1,1,0.99998534
0,0,2.7220198e-05
0,0,5.8639278e-05
1,1,0.9999795
0,0,3.9292267e-05
1,1,0.9999858
1,1,0.9999809
1,1,0.99998605
0,0,7.099157e-05
1,1,0.9999864
1,1,0.9999858
1,1,0.9999862
0,0,2.8043713e-05
1,1,0.9999856
0,0,0.00013143598
0,0,0.0008162841
1,1,0.99998
1,1,0.9999862
0,0,3.1568372e-05
1,1,0.99998605
0,0,6.365092e-05
0,0,2.4938961e-05
0,0,3.3579654e-05
1,1,0.99998534
1,1,0.99997723
1,1,0.99997985
1,1,0.9999864
0,0,3.7020756e-05
0,0,3.4722325e-05
0,0,5.1659652e-05
0,0,4.9312293e-05
0,0,8.2777e-05
1,1,0.9999862
0,0,2.7825563e-05
1,1,0.9999832
0,0,0.0023810286
0,0,6.811832e-05
0,0,2.9351037e-05
0,0,2.92093e-05
0,0,2.5469804e-05
0,0,3.6521076e-05
1,1,0.9999856
1,1,0.9999794
0,0,3.6866728e-05
0,0,5.4294185e-05
0,0,2.6998767e-05
1,1,0.9999839
1,1,0.9999857
0,0,4.1875384e-05
1,0,0.03902048
1,1,0.999951
0,0,2.7085081e-05
0,0,0.0012640872
0,0,6.6961526e-05
0,0,3.5298777e-05
0,0,0.012023564
1,1,0.99997663
0,0,2.9325574e-05
1,1,0.9999875
1,1,0.9999844
1,1,0.9999869
1,1,0.9973248
0,0,2.8124809e-05
0,0,0.00013759533
1,1,0.99998164
1,1,0.9999784
0,0,5.187395e-05
1,1,0.9999838
0,0,3.0452878e-05
0,0,4.879083e-05
0,0,4.3295255e-05
0,0,4.677452e-05
0,0,2.7650736e-05
1,1,0.99998474
1,1,0.9999865
0,0,3.3798857e-05
1,1,0.99998486
1,1,0.99998534
1,1,0.9999845
0,0,8.551653e-05
0,0,2.6429527e-05
0,0,2.740591e-05
0,0,2.6122494e-05
1,1,0.9999764
0,0,6.8477115e-05
0,0,3.0126299e-05
0,0,2.8612742e-05
1,1,0.99998116
0,0,6.590831e-05
0,0,2.7418719e-05
0,0,4.797758e-05
1,1,0.9999863
1,1,0.9999846
1,1,0.9999815
1,1,0.99995685
0,0,7.099435e-05
0,0,3.74672e-05
0,0,2.830282e-05
1,1,0.9999862
1,1,0.9999851
1,1,0.9999826
0,0,2.7750537e-05
0,0,2.8108478e-05
1,1,0.99998605
0,0,4.7638332e-05
0,0,3.1306587e-05
0,0,4.1141913e-05
1,1,0.99998474
1,1,0.9999865
1,1,0.99998546
1,1,0.9999794
0,0,2.556047e-05
1,1,0.9999862
1,1,0.999982
1,1,0.9999826
0,0,6.321973e-05
1,1,0.99998546
1,1,0.99998474
0,0,3.0006848e-05
0,0,2.656393e-05
0,0,2.9107112e-05
1,1,0.9998018
0,0,2.8476741e-05
0,0,3.7082416e-05
1,1,0.99998367
1,1,0.99998236
1,1,0.9999864
0,0,3.1102092e-05
0,0,5.5385994e-05
1,1,0.999987
0,0,0.011532084
0,0,3.6285048e-05
1,1,0.999982
0,0,2.6281039e-05
1,1,0.9999864
1,1,0.9999856
1,1,0.99997747
0,0,0.00016196718
1,1,0.99998236
1,1,0.99998474
1,1,0.99998474
1,1,0.9999856
1,1,0.99998116
1,1,0.99998534
0,0,4.783203e-05
0,0,3.8448587e-05
0,0,0.001167271
1,1,0.99997723
0,0,2.737968e-05
1,1,0.99998355
1,1,0.9999815
1,1,0.9999831
0,0,3.911409e-05
0,0,3.660378e-05
1,1,0.9942392
0,0,2.6237216e-05
0,0,7.166003e-05
1,1,0.9999856
1,1,0.9999857
1,1,0.99993193
0,0,2.7702814e-05
1,1,0.99998593
0,0,3.1077216e-05
1,1,0.9999851
1,1,0.99998176
0,0,2.8823813e-05
0,0,2.8829529e-05
1,1,0.9999858
0,0,0.0013094821
0,0,2.6683314e-05
0,0,2.468368e-05
1,1,0.9999862
0,0,2.729662e-05
0,0,2.878884e-05
0,0,2.6258742e-05
1,1,0.99996066
1,1,0.9999747
1,1,0.99998426
0,0,0.00012983967
1,1,0.9999839
1,1,0.99998343
1,1,0.99997854
0,0,2.545191e-05
1,1,0.9999808
1,1,0.9999857
1,1,0.9999864
1,1,0.9999831
0,0,3.269235e-05
0,0,3.262632e-05
0,0,3.516378e-05
0,0,3.6304493e-05
0,0,3.013601e-05
1,1,0.9999846
1,1,0.9999702
1,1,0.99998474
1,1,0.99998343
1,1,0.99987733
0,0,2.7933347e-05
1,1,0.9999851
0,0,2.5001587e-05
1,1,0.9999825
1,1,0.9999839
1,1,0.9999697
0,0,2.6258916e-05
1,1,0.99997985
1,1,0.9999863
0,0,2.8400425e-05
1,1,0.99998415
0,0,2.6813637e-05
0,0,0.00036260058
1,1,0.9999709
0,0,0.00020620294
1,1,0.9999796
1,1,0.9999857
0,0,0.0002897617
0,0,2.6162461e-05
0,0,3.8942286e-05
1,1,0.999985
0,0,3.218558e-05
1,1,0.99998355
1,1,0.99998546
1,1,0.99998343
1,1,0.99998605
0,0,0.0019864691
1,1,0.99998534
1,1,0.9999864
0,0,2.4874425e-05
0,0,2.9784444e-05
1,1,0.9999865
1,1,0.99998355
1,1,0.9999856
1,1,0.99997056
0,0,2.9053335e-05
0,0,3.8820257e-05
1,1,0.8757195
0,0,4.3623157e-05
1,1,0.9999857
0,0,2.6378815e-05
1,1,0.9999864
0,0,4.390998e-05
0,0,3.3523214e-05
1,1,0.9999844
1,1,0.99997663
1,1,0.9999864
1,1,0.99998355
1,1,0.9999716
1,1,0.9999832
1,1,0.9999839
1,1,0.9999864
0,0,9.8555756e-05
1,1,0.9999838
1,1,0.9999869
1,1,0.99998367
0,0,3.7482572e-05
0,0,0.0017545368
1,1,0.99998593
0,0,3.2868036e-05
0,0,5.2464675e-05
1,1,0.999987
1,1,0.9999833
0,0,3.6900314e-05
0,0,0.0006108371
1,1,0.9999871
0,0,3.4995443e-05
1,1,0.989952
1,1,0.9999858
1,1,0.9999864
1,1,0.99998355
0,0,2.627227e-05
1,1,0.99997807
0,0,0.00018942624
1,1,0.99790937
1,1,0.999964
1,1,0.9999844
1,1,0.9999846
0,0,2.898509e-05
1,1,0.9999856
1,1,0.9999821
1,1,0.99995935
1,1,0.9999424
1,1,0.99998593
1,1,0.99998367
0,0,6.9466696e-05
1,1,0.99998665
1,1,0.9999751
0,0,3.877823e-05
0,0,3.3515895e-05
1,1,0.9999869
1,1,0.99993455
1,1,0.998681
0,0,3.0241843e-05
1,1,0.9999858
0,0,0.0001765878
0,0,2.9444644e-05
0,0,6.4461514e-05
0,0,2.4982615e-05
0,0,2.5099178e-05
0,0,5.5304612e-05
1,1,0.99998045
0,0,5.41525e-05
0,0,8.080211e-05
1,1,0.9999857
1,1,0.999313
0,0,0.0002826209
0,0,2.994853e-05
1,1,0.999984
1,1,0.99998283
0,0,0.00032045893
1,1,0.999984
0,0,0.00037596902
0,0,7.06863e-05
0,0,2.5826464e-05
1,1,0.9999858
1,1,0.99998605
1,1,0.9999862
1,1,0.99942565
1,1,0.99998415
0,0,0.00057501305
0,0,2.7111855e-05
1,1,0.99998224
0,0,5.1066694e-05
1,1,0.9999856
1,1,0.99998534
1,1,0.9999852
0,0,2.7309614e-05
0,0,2.5786156e-05
1,1,0.99998057
0,0,5.7117446e-05
0,0,4.2190124e-05
1,1,0.9999801
1,1,0.99998415
1,1,0.99998057
1,1,0.99998593
1,1,0.99997985
1,1,0.99998415
0,0,2.6152731e-05
1,1,0.9994449
0,0,4.033538e-05
0,0,2.5469195e-05
1,1,0.9999831
1,1,0.9999865
0,0,2.539733e-05
1,1,0.9999862
0,0,2.9753757e-05
1,1,0.99998283
0,0,8.335372e-05
1,1,0.9999739
0,0,4.04695e-05
1,1,0.9999826
1,1,0.99998665
1,1,0.9999851
1,1,0.999985
0,0,2.4583607e-05
0,0,0.0025610074
0,0,3.6012538e-05
0,0,2.9004392e-05
0,0,2.5705622e-05
1,1,0.9999784
1,1,0.9999671
1,1,0.99998534
1,1,0.9999865
0,0,0.00020273996
1,1,0.9999852
0,0,3.3813238e-05
0,0,0.000100256184
0,0,2.5126934e-05
1,1,0.9999844
0,0,3.0288486e-05
0,0,0.008185389
1,1,0.9999788
1,1,0.99998283
0,0,2.7599415e-05
1,1,0.99998057
1,1,0.9999857
0,0,3.142186e-05
1,1,0.9999709
0,0,0.00010742821
0,0,2.66607e-05
0,0,2.5977291e-05
1,1,0.9999844
0,0,4.207031e-05
1,1,0.99998426
0,0,4.489921e-05
0,0,6.08388e-05
1,1,0.9999739
1,1,0.999979
0,0,3.1567408e-05
1,1,0.9999846
0,0,2.5983385e-05
0,0,2.8253522e-05
1,1,0.9999846
0,0,2.5270496e-05
1,1,0.9999864
1,1,0.9999839
0,0,3.0195852e-05
0,0,3.4189885e-05
1,1,0.99998534
0,0,2.6451666e-05
0,0,3.1037147e-05
1,1,0.9999852
0,0,3.1941207e-05
1,1,0.99992657
1,1,0.9999838
1,1,0.9999863
1,1,0.9999846
1,1,0.99997234
0,0,2.5263265e-05
0,0,3.3044857e-05
1,1,0.9999863
1,1,0.99998677
0,0,6.367873e-05
1,0,0.35789928
1,1,0.9999856
0,0,3.8399634e-05
0,0,3.244859e-05
1,1,0.99998605
0,0,0.021642884
1,1,0.999977
0,0,4.1203988e-05
1,1,0.9999162
0,0,5.021297e-05
1,1,0.9999765
0,0,0.00025564496
1,1,0.9999783
1,1,0.9999862
1,1,0.9999846
0,0,4.964021e-05
1,1,0.9999831
1,1,0.99998605
0,0,3.6407433e-05
0,0,2.6156922e-05
1,1,0.9999832
1,1,0.99998343
0,0,2.7621008e-05
1,1,0.99998355
1,1,0.9999857
0,0,3.1065807e-05
1,1,0.99998724
0,0,3.6962552e-05
0,0,0.00012380093
0,0,2.75647e-05
1,1,0.999979
1,1,0.99998665
0,0,0.00010268963
0,0,3.8195587e-05
0,0,2.7013366e-05
1,1,0.99998605
0,0,2.4024794e-05
0,0,3.8882918e-05
1,1,0.9999814
1,1,0.9999833
1,1,0.99998534
0,0,2.9553712e-05
1,1,0.99998605
0,0,5.054388e-05
1,1,0.9999862
0,0,3.0043386e-05
0,0,2.593432e-05
1,1,0.99998355
1,1,0.99997914
0,0,2.8138089e-05
1,1,0.999985
1,1,0.99995553
0,0,2.7229335e-05
1,1,0.99998546
0,0,3.9074122e-05
1,1,0.99998546
0,0,5.451728e-05
1,1,0.9999852
0,0,3.8740636e-05
1,1,0.99998367
0,0,4.5797045e-05
0,0,2.6165255e-05
1,1,0.9999716
1,1,0.99998367
1,1,0.999982
0,0,7.5899035e-05
1,1,0.99997926
1,1,0.99998415
0,0,2.5127893e-05
0,0,5.6526875e-05
1,1,0.9999819
1,1,0.9999852
1,1,0.99998116
1,1,0.99998426
1,1,0.9999831
0,0,3.2557327e-05
0,0,9.119393e-05
1,1,0.99998343
0,0,3.2440606e-05
0,0,7.100396e-05
1,1,0.99921405
1,1,0.99998593
0,0,3.1994805e-05
1,1,0.99998486
1,1,0.9996768
0,0,2.9921868e-05
0,0,3.7217076e-05
0,0,3.192976e-05
1,1,0.9999857
1,1,0.99998593
1,1,0.99998593
1,1,0.99998593
1,1,0.9999858
0,0,7.8827135e-05
1,1,0.9999856
1,1,0.99997187
1,1,0.99998677
1,1,0.99998426
0,0,4.8158912e-05
0,0,3.5232588e-05
1,1,0.9999813
0,0,2.9416578e-05
0,0,0.0005549351
1,1,0.99997365
0,1,0.9977029
1,1,0.9999825
0,0,3.9446873e-05
0,0,3.2308835e-05
0,0,2.7127344e-05
0,0,8.514636e-05
0,0,2.800619e-05
0,0,5.1038307e-05
1,1,0.99998534
1,1,0.9999845
0,1,0.8134796
1,1,0.9999851
1,1,0.9999863
0,0,0.00018097184
1,1,0.9999838
1,1,0.99997735
1,1,0.99905676
0,0,0.3881523
1,1,0.9999856
1,1,0.999977
1,1,0.9999864
0,0,3.450157e-05
0,0,3.1437718e-05
1,1,0.9999844
0,0,2.4444067e-05
1,1,0.9999863
0,0,5.7119192e-05
1,1,0.9999765
0,0,2.7373884e-05
0,0,2.8366267e-05
0,0,3.5432804e-05
1,1,0.999961
0,0,2.413617e-05
0,0,9.3368966e-05
0,1,0.85742104
0,0,3.9106035e-05
0,0,2.8678412e-05
1,1,0.99995375
1,1,0.99997616
0,0,3.759735e-05
0,0,0.01719396
1,1,0.99998677
0,0,4.2219985e-05
0,0,4.240507e-05
1,1,0.9999832
1,1,0.9999832
1,1,0.99998415
0,0,2.4457777e-05
1,1,0.999966
1,1,0.99998546
0,0,3.0996354e-05
0,0,3.6125908e-05
1,1,0.999987
0,0,4.5157452e-05
1,1,0.9999856
0,0,2.5696723e-05
1,1,0.9999809
0,0,2.6697619e-05
0,0,2.8026896e-05
1,1,0.9999839
1,1,0.9999857
0,0,2.5194337e-05
0,0,2.736167e-05
0,1,0.99990034
1,1,0.99996364
0,0,6.9166745e-05
1,1,0.9999546
1,1,0.99998534
0,0,3.157915e-05
1,1,0.9999845
1,1,0.999985
1,1,0.99998426
0,0,3.2742584e-05
0,0,3.9082992e-05
0,0,3.661659e-05
1,1,0.9999864
1,1,0.9999852
0,0,2.6097694e-05
0,0,4.920111e-05
0,0,3.4894736e-05
1,1,0.99998415
0,0,4.484059e-05
1,1,0.9999832
0,0,2.7243099e-05
0,0,0.005310905
1,1,0.99998486
1,1,0.9999864
1,1,0.9999819
0,0,2.8525748e-05
1,1,0.9999052
1,1,0.9999856
0,0,2.818732e-05
0,0,4.1981828e-05
0,0,5.57836e-05
1,1,0.99998295
1,1,0.9999865
1,1,0.9999852
1,1,0.9999844
0,0,3.1121228e-05
1,1,0.9999728
1,1,0.99998724
0,0,2.720797e-05
