condition,token,weight
xprompt_p0to1,keep,-4.921548643980897e-05
xprompt_p0to1,balance,-4.2518749647127856e-05
xprompt_p0to1,number,-4.044307094247967e-05
xprompt_p0to1,job,-3.665404984905782e-05
xprompt_p0to1,never,-2.7938749527754948e-05
xprompt_p0to1,population,-2.0726636068000507e-05
xprompt_p0to1,interaction,1.884178875351603e-05
xprompt_p0to1,elected,1.134456492886241e-05
xprompt_p0to1,colleges,8.55213533890473e-06
xprompt_p0to1,share,0.15377434740396728
xprompt_p0to1,certainty,0.14828669696064975
xprompt_p0to1,tie,0.13209417378200333
xprompt_p0to1,highly,0.12311223165010934
xprompt_p0to1,states,0.11380568587504424
xprompt_p0to1,dear,0.10332465562097023
xprompt_p0to1,interests,0.10058571647498496
xprompt_p0to1,regions,0.09366907161221236
xprompt_p0to1,generally,0.07572085085355673
xprompt_p0to1,provides,-0.06561139829121784
xprompt_p0to1,combination,0.13048750286893418
xprompt_p0to1,pros,0.11803645404336889
xprompt_p0to1,broad,0.1150255717602758
xprompt_p0to1,after,-0.039931994696219386
xprompt_p0to1,ones,-0.033895458013696526
xprompt_p0to1,support,0.021698491732465505
xprompt_p0to1,sweet,-2.7068230179659194e-07
xprompt_p0to1,decide,-2.4063343498343164e-07
xprompt_p0to1,every,-2.4027765235541713e-07
xprompt_p0to1,democrate,-2.060235057009688e-07
xprompt_p0to1,electorate,-1.894386107908664e-07
xprompt_p0to1,flaw,-1.7568615958693663e-07
xprompt_p0to1,say,6.714030520833592e-08
xprompt_p0to1,republicans,6.572285101881565e-08
xprompt_p0to1,winner,5.110537670162253e-08
xprompt_p0to1,people,-0.00020230161794465576
xprompt_p0to1,college,-0.00018598947363744582
xprompt_p0to1,electoral,-0.000185331010401091
xprompt_p0to1,change,-0.0001700018823848488
xprompt_p0to1,senator,-0.00016994850676470123
xprompt_p0to1,honest,-0.000163495253173162
xprompt_p0to1,reality,9.87424946540119e-05
xprompt_p0to1,unlike,0.20490256284121688
xprompt_p0to1,campaign,0.1605994958025198
xprompt_p0to1,united,0.15242163734014708
xprompt_p0to1,tie,0.1382072786812544
xprompt_p0to1,certainty,0.11302126250475554
xprompt_p0to1,richard,0.0650034357246934
xprompt_p0to1,toss,0.054852230275842274
xprompt_p0to1,vote,-0.02960475489428925
xprompt_p0to1,voters,0.005770837935704208
xprompt_p0to1,ensures,0.2620152843200179
xprompt_p0to1,minimizes,0.19235422006032285
xprompt_p0to1,crucial,0.17927099469398536
xprompt_p0to1,candidate,0.17596434848521977
xprompt_p0to1,another,0.16789135707280503
xprompt_p0to1,likelihood,0.16427302975412422
xprompt_p0to1,popular,0.14702073931550694
xprompt_p0to1,states,-0.01297769854245154
xprompt_p0to1,decisions,-0.0070116717511824215
xprompt_p0to1,winning,-1.694729710698668e-05
xprompt_p0to1,amendment,-1.6594588852281447e-05
xprompt_p0to1,united,-1.5233521096122983e-05
xprompt_p0to1,part,-1.5058205754675266e-05
xprompt_p0to1,turn,-1.3137771193212805e-05
xprompt_p0to1,tecnology,-1.2456270779014244e-05
xprompt_p0to1,president,-9.38985714159659e-06
xprompt_p0to1,made,3.3253909796748696e-06
xprompt_p0to1,share,0.2070320576291938
xprompt_p0to1,requirement,0.16413059714472628
xprompt_p0to1,reasons,0.10005978384296842
xprompt_p0to1,health,0.0447844981110749
xprompt_p0to1,address,0.019195681303025305
xprompt_p0to1,outcome,0.018804174984220122
xprompt_p0to1,method,0.013048157175843825
xprompt_p0to1,girls,-0.000123958616593861
xprompt_p0to1,since,-0.00010982380431002044
xprompt_p0to1,broken,-8.920843324744098e-05
xprompt_p0to1,right,-8.150374105982446e-05
xprompt_p0to1,one,-7.100515198992766e-05
xprompt_p0to1,people,-5.807811254496598e-05
xprompt_p0to1,new,-2.5372379833964425e-05
xprompt_p0to1,improved,-2.464812168216819e-05
xprompt_p0to1,want,-1.79693237342862e-05
xprompt_p0to1,created,1.0833505350603247e-05
xprompt_p0to1,think,1.1817007635036369e-05
xprompt_p0to1,position,9.498268893963906e-06
xprompt_p0to1,thinks,-8.441454492082394e-06
xprompt_p0to1,liberal,-7.537608695021504e-06
xprompt_p0to1,rid,7.293251828902018e-06
xprompt_p0to1,dont,-7.096370356894443e-06
xprompt_p0to1,because,-7.06058201333905e-06
xprompt_p0to1,modern,-5.881023339322579e-06
xprompt_p0to1,off,0.14200717913705327
xprompt_p0to1,firstly,0.13127161095688814
xprompt_p0to1,representation,0.12959357068623578
xprompt_p0to1,provided,0.12868827608208402
xprompt_p0to1,plurality,0.10704128394845587
xprompt_p0to1,address,0.08184403671716933
xprompt_p0to1,swing,-0.04260579486458759
xprompt_p0to1,text,0.022940091880491155
xprompt_p0to1,unlikely,0.175090172034168
xprompt_p0to1,lead,0.17456614171760773
xprompt_p0to1,consists,0.1471822287930712
xprompt_p0to1,certainty,0.1459828187113906
xprompt_p0to1,vote,0.12681715503610483
xprompt_p0to1,topic,0.023582332779095667
xprompt_p0to1,enough,0.009138008021875331
xprompt_p0to1,certain,-0.00899444939309039
xprompt_p0to1,popular,-4.498359175677166e-06
xprompt_p0to1,doesn,-4.281769188234471e-06
xprompt_p0to1,choosing,-4.008715421612326e-06
xprompt_p0to1,electoral,-3.997378163077281e-06
xprompt_p0to1,idea,-3.8803031370034015e-06
xprompt_p0to1,votes,-3.419102247716028e-06
xprompt_p0to1,against,-1.2750646025127675e-06
xprompt_p0to1,twice,-7.327033608004606e-07
xprompt_p0to1,better,-4.694353799035937e-07
xprompt_p0to1,rights,-2.796174084686888e-07
xprompt_p0to1,good,-1.5420469789932943e-07
xprompt_p0to1,candidate,0.11597948608259136
xprompt_p0to1,campaign,0.10175545651380064
xprompt_p0to1,address,0.0881668143909797
xprompt_p0to1,winning,0.08522257900376111
xprompt_p0to1,say,0.07341924769492321
xprompt_p0to1,people,-0.02341148897962702
xprompt_p0to1,state,-0.017408688652650734
xprompt_p0to1,conclusion,0.00338559182728918
xprompt_p0to1,college,-3.5320276249612284e-05
xprompt_p0to1,lose,-3.3649692123780024e-05
xprompt_p0to1,wyoming,-3.001663253868068e-05
xprompt_p0to1,depends,-2.89234622680311e-05
xprompt_p0to1,compared,-2.309394628064344e-05
xprompt_p0to1,smaller,-3.942479885537297e-06
xprompt_p0to1,catogory,-1.3499775313296679e-06
xprompt_p0to1,believe,-5.20454726981975e-05
xprompt_p0to1,really,-5.0461208751130196e-05
xprompt_p0to1,elect,-4.576461178708519e-05
xprompt_p0to1,see,-3.887558560926779e-05
xprompt_p0to1,states,-3.562686429431888e-05
xprompt_p0to1,right,-3.5031652465539385e-05
xprompt_p0to1,president,-1.175995938988022e-05
xprompt_p0to1,used,5.105286374672236e-06
xprompt_p0to1,agree,0.11338439993575092
xprompt_p0to1,way,0.1112691693800923
xprompt_p0to1,knowledge,0.0974772200545862
xprompt_p0to1,along,0.09405021957090594
xprompt_p0to1,statement,-0.03625552897779195
xprompt_p0to1,them,-0.011918339394910897
xprompt_p0to1,hear,-5.3397134995952395e-06
xprompt_p0to1,experienced,-5.180993928187344e-06
xprompt_p0to1,good,-5.059662159206355e-06
xprompt_p0to1,gives,-4.968471464737063e-06
xprompt_p0to1,time,-4.40907037672399e-06
xprompt_p0to1,even,-4.151571699991482e-06
xprompt_p0to1,peoples,-1.6535448862476685e-06
xprompt_p0to1,another,-1.0885679813219596e-06
xprompt_p0to1,work,-7.41105463813305e-05
xprompt_p0to1,rade,-7.243054535866293e-05
xprompt_p0to1,held,-6.979789853459411e-05
xprompt_p0to1,colledge,-6.888891958701116e-05
xprompt_p0to1,colleges,-6.78108758650517e-05
xprompt_p0to1,amount,-6.7462191569242e-05
xprompt_p0to1,cheaper,-4.109435256259117e-05
xprompt_p0to1,them,2.6629543138366268e-05
xprompt_p0to1,election,-2.0026879965855273e-05
xprompt_p0to1,booths,9.368565190612493e-06
xprompt_p0to1,out,-6.797373762548382e-06
xprompt_p0to1,arguments,0.19263887148346576
xprompt_p0to1,unity,0.17369486372756826
xprompt_p0to1,hope,0.16980010518567198
xprompt_p0to1,outlined,0.14333029956851734
xprompt_p0to1,campaign,0.14320793938242735
xprompt_p0to1,significant,0.1315139119562772
xprompt_p0to1,address,0.130799648483986
xprompt_p0to1,regions,0.03683038612703841
xprompt_p0to1,explains,-0.02874683779707719
xprompt_p0to1,election,0.0006913274302039047
xprompt_p0to1,region,0.19547253873744655
xprompt_p0to1,share,0.16715634484796144
xprompt_p0to1,colle,0.14692102138139163
xprompt_p0to1,victory,0.14290058534256916
xprompt_p0to1,indefensible,0.11617287787463726
xprompt_p0to1,richard,-0.02262664278722665
xprompt_p0to1,dear,0.008586687877585715
xprompt_p0to1,choose,2.977766516888723e-05
xprompt_p0to1,though,-2.6298062986516117e-05
xprompt_p0to1,case,-2.6246738053724065e-05
xprompt_p0to1,ones,-2.4934187686984378e-05
xprompt_p0to1,reading,-2.201364182096242e-05
xprompt_p0to1,want,-7.068634267904378e-07
xprompt_p0to1,resonable,-0.0005175246822456363
xprompt_p0to1,vote,-0.0004779347374203915
xprompt_p0to1,home,-0.000402904749722977
xprompt_p0to1,want,-0.0003520556069374136
xprompt_p0to1,retirement,-0.00033540679137744075
xprompt_p0to1,himself,-1.0032709636922589e-05
xprompt_p0to1,factor,-9.872228752547962e-06
xprompt_p0to1,replacing,-8.832393070707555e-06
xprompt_p0to1,state,-7.862253491587998e-06
xprompt_p0to1,picking,-7.520663864073388e-06
xprompt_p0to1,oppose,-7.506750833578825e-06
xprompt_p0to1,over,-5.902600719035166e-06
xprompt_p0to1,collage,-1.2562385696691323e-06
xprompt_p0to1,fliped,-5.64357078680309e-07
xprompt_p0to1,slate,1.7525764520329005e-06
xprompt_p0to1,system,1.625756528488509e-06
xprompt_p0to1,vote,1.6201972904622673e-06
xprompt_p0to1,taken,4.929217539088637e-07
xprompt_p0to1,won,4.5053757081756e-07
xprompt_p0to1,winner,-2.541195686964794e-07
xprompt_p0to1,asked,2.0846822225350187e-07
xprompt_p0to1,another,-1.0426072647735173e-07
xprompt_p0to1,focusing,9.374904338516852e-08
xprompt_p0to1,winner,-1.4693591091609913e-05
xprompt_p0to1,wrong,-1.316756070152853e-05
xprompt_p0to1,sure,2.377653431035668e-06
xprompt_p0to1,elected,-1.6991866397926328e-06
xprompt_p0to1,crisis,-5.954531072171635e-07
xprompt_p0to1,help,2.0592580481600705e-07
xprompt_p0to1,senator,-0.0002589956221811369
xprompt_p0to1,votes,-0.00023588628233667358
xprompt_p0to1,shouod,-0.00023436865047028735
xprompt_p0to1,all,-0.00020861385731542621
xprompt_p0to1,wish,-0.00019800043098447162
xprompt_p0to1,insted,0.00017222907059844702
xprompt_p0to1,cause,-0.00016162711943135168
xprompt_p0to1,worry,0.00010974510035598637
xprompt_p0to1,electoral,-4.43824212734628e-05
xprompt_p0to1,voite,3.4776587793472357e-05
xprompt_p0to1,impact,0.21802952718221177
xprompt_p0to1,really,0.21478239150455872
xprompt_p0to1,reviewing,0.1950379441890291
xprompt_p0to1,align,0.18826633698288678
xprompt_p0to1,balance,0.18373817338566115
xprompt_p0to1,sides,0.12905267909823148
xprompt_p0to1,dear,0.0003274712511149658
xprompt_p0to1,lists,1.133180858097894e-05
xprompt_p0to1,order,1.0884523861502027e-05
xprompt_p0to1,about,1.0459408669295821e-05
xprompt_p0to1,reasons,9.398838681197579e-06
xprompt_p0to1,because,8.522395511771684e-06
xprompt_p0to1,college,-3.974878595438765e-06
xprompt_p0to1,etc,2.936136648117019e-06
xprompt_p0to1,knows,-2.482060334983918e-06
xprompt_p0to1,regional,-8.688130342371014e-07
xprompt_p0to1,risk,0.21451730723454188
xprompt_p0to1,register,0.20230088957946235
xprompt_p0to1,making,0.18051413853679366
xprompt_p0to1,range,0.17208155959290677
xprompt_p0to1,further,0.1487376338256634
xprompt_p0to1,candidates,0.13441404045815955
xprompt_p0to1,elections,0.07994936914067387
xprompt_p0to1,across,0.03011067900908761
xprompt_p0to1,thirdly,-0.024020808614344823
xprompt_p0to1,outline,0.1700593379133671
xprompt_p0to1,winning,0.16095960038005266
xprompt_p0to1,date,0.14708568321674276
xprompt_p0to1,importance,0.014478239925710411
xprompt_p0to1,victory,-0.00584800047704077
xprompt_p0to1,potential,0.20711902197185145
xprompt_p0to1,consequences,0.19956859235823604
xprompt_p0to1,especially,0.1763374873506578
xprompt_p0to1,court,0.1755228165516706
xprompt_p0to1,further,0.16727760469466485
xprompt_p0to1,important,0.15899890693194005
xprompt_p0to1,lead,0.14493184253617442
xprompt_p0to1,sentence,0.11015333990443417
xprompt_p0to1,role,-0.050776237294086764
xprompt_p0to1,fraud,-0.03492112340990159
xprompt_p0to1,misinterpretation,-0.015390056761327838
xprompt_p0to1,believe,0.2090142653963193
xprompt_p0to1,democratic,0.17772777517699137
xprompt_p0to1,aim,0.17523971372747396
xprompt_p0to1,greater,0.16286538656447352
xprompt_p0to1,like,0.10693625229066855
xprompt_p0to1,grassroots,0.10478400616965387
xprompt_p0to1,find,0.09447621481539775
xprompt_p0to1,directly,-0.039866373775031355
xprompt_p0to1,keeping,-0.037840323761488
xprompt_p0to1,despite,0.01289912014123504
xprompt_p0to1,undemocratic,0.1755787051367938
xprompt_p0to1,popular,0.16318957411604007
xprompt_p0to1,support,0.127932508881377
xprompt_p0to1,make,0.08690759686947595
xprompt_p0to1,having,0.0863188448255358
xprompt_p0to1,states,-0.032184900524371944
xprompt_p0to1,state,0.017152380951708644
xprompt_p0to1,ensures,0.2079543072239667
xprompt_p0to1,outcome,0.20585112331092126
xprompt_p0to1,lead,0.186711910800419
xprompt_p0to1,potential,0.1864075690699874
xprompt_p0to1,allows,0.13333589309677735
xprompt_p0to1,certainty,0.12163685748735047
xprompt_p0to1,share,0.12120065753437756
xprompt_p0to1,battles,0.11165480410425487
xprompt_p0to1,everyone,-0.039582186495605354
xprompt_p0to1,system,-0.039092832420983645
xprompt_p0to1,fair,-0.0189343006886595
xprompt_p0to1,way,-8.997204352837485e-07
xprompt_p0to1,time,-6.190186204097791e-07
xprompt_p0to1,popular,-5.87064281252387e-07
xprompt_p0to1,swing,-2.112343644745765e-07
xprompt_p0to1,people,-9.188585116621162e-08
xprompt_p0to1,idea,8.672970828169567e-08
xprompt_p0to1,count,4.740166154307979e-08
xprompt_p0to1,despised,2.2909110781120177e-07
xprompt_p0to1,moreover,2.1534687363281428e-07
xprompt_p0to1,chose,2.08151499489345e-07
xprompt_p0to1,bestlaid,-1.8109023318489307e-07
xprompt_p0to1,all,1.7877993350236877e-07
xprompt_p0to1,direct,-1.7245629857181952e-07
xprompt_p0to1,past,1.7028375492467492e-07
xprompt_p0to1,established,-1.3190737688177176e-07
xprompt_p0to1,indefensible,-1.2799265310697622e-07
xprompt_p0to1,exercise,-7.704589208220214e-08
xprompt_p0to1,carolina,-8.013912257569345e-05
xprompt_p0to1,winner,-7.083633373865383e-05
xprompt_p0to1,senator,-5.703618571413461e-05
xprompt_p0to1,elect,-2.693190361359504e-06
xprompt_p0to1,entirely,-7.28652446561411e-07
xprompt_p0to1,make,-3.9944516261832015e-07
xprompt_p0to1,positives,-3.987911201172688e-07
xprompt_p0to1,represent,-3.5263339121718393e-07
xprompt_p0to1,mistakes,-2.1493538406832798e-07
xprompt_p0to1,concept,-1.6193056564804654e-07
xprompt_p0to1,term,-1.0705517439555008e-07
xprompt_p0to1,sometimes,6.26760997976599e-08
xprompt_p0to1,replacing,-2.240101749136577e-08
xprompt_p1to0,engagement,0.06708740645744493
xprompt_p1to0,voices,0.05992123163095172
xprompt_p1to0,politics,0.05792438834848229
xprompt_p1to0,reflect,0.05487058370838947
xprompt_p1to0,main,0.052696392225599194
xprompt_p1to0,ultimately,0.04142313472969915
xprompt_p1to0,views,-0.02519657332550055
xprompt_p1to0,process,0.0053564489018413505
xprompt_p1to0,tyring,-0.0016035128610607271
xprompt_p1to0,wether,-0.001498318205819265
xprompt_p1to0,choice,-0.0014771962012781552
xprompt_p1to0,options,-0.0014453091654682909
xprompt_p1to0,sure,-0.0012580530305089628
xprompt_p1to0,debating,-0.0008215620868513387
xprompt_p1to0,like,0.0005259792893354937
xprompt_p1to0,out,0.0001391980785993687
xprompt_p1to0,development,0.1083351786944829
xprompt_p1to0,overcoming,0.09587513479252048
xprompt_p1to0,path,0.09354747242439355
xprompt_p1to0,further,0.07831226466189949
xprompt_p1to0,patient,0.013205847759823825
xprompt_p1to0,made,0.01019260962527433
xprompt_p1to0,grow,0.0059490455377272135
xprompt_p1to0,work,-0.00064763880919213
xprompt_p1to0,thing,-0.0006461126064339343
xprompt_p1to0,family,-0.0005926114604270298
xprompt_p1to0,hard,-0.000586810772038122
xprompt_p1to0,suffer,-0.0005764410276209483
xprompt_p1to0,cruel,-0.0005531387029633489
xprompt_p1to0,listen,-0.0005460206955084286
xprompt_p1to0,won,-0.0005114319045353145
xprompt_p1to0,earn,-0.00030340486825998703
xprompt_p1to0,want,-0.0001709681108337941
xprompt_p1to0,buy,0.0533854658799721
xprompt_p1to0,factors,0.046178112875337476
xprompt_p1to0,change,0.03926673077327234
xprompt_p1to0,environmental,0.017100930631311042
xprompt_p1to0,disposing,0.014872896671845562
xprompt_p1to0,everyone,-0.011876304785768189
xprompt_p1to0,goes,0.00531365835044199
xprompt_p1to0,conserving,0.0038324479469788388
xprompt_p1to0,transit,0.153900581520717
xprompt_p1to0,imposed,0.1308584630897407
xprompt_p1to0,over,0.06664086936748743
xprompt_p1to0,densely,0.06174163283180945
xprompt_p1to0,improving,0.04780590857349933
xprompt_p1to0,urban,0.04136961338102712
xprompt_p1to0,many,0.01803776058890799
xprompt_p1to0,difference,0.013285655561168865
xprompt_p1to0,awareness,0.0016828592038931132
xprompt_p1to0,issues,-0.0004193217505255081
xprompt_p1to0,allowing,0.0829320524460893
xprompt_p1to0,matter,0.0782750146023754
xprompt_p1to0,connections,0.03417903557523513
xprompt_p1to0,perspective,0.023654295974567766
xprompt_p1to0,thus,0.02295416121739706
xprompt_p1to0,hard,0.012840228564618486
xprompt_p1to0,importance,-0.00493032775398686
xprompt_p1to0,clarity,0.003506730508102587
xprompt_p1to0,giving,0.0015149509964009383
xprompt_p1to0,believe,-0.0014981094678563735
xprompt_p1to0,fall,-0.001292655600359581
xprompt_p1to0,summer,-0.001104732002568758
xprompt_p1to0,round,-0.0010395094032878609
xprompt_p1to0,having,-0.0008525371162252433
xprompt_p1to0,good,-0.000257022913345812
xprompt_p1to0,people,9.009488417154161e-05
xprompt_p1to0,authros,-0.0010315895716054005
xprompt_p1to0,expolring,-0.0008869636607926604
xprompt_p1to0,basicly,-0.0008814104078711829
xprompt_p1to0,evidence,-0.0008053815668621058
xprompt_p1to0,planet,-0.0007243518980928197
xprompt_p1to0,hes,-0.0007210950866002827
xprompt_p1to0,challenge,-0.0004730940208153877
xprompt_p1to0,even,0.0003645731053510396
xprompt_p1to0,stop,0.00022487712141015258
xprompt_p1to0,like,0.00017952158949467262
xprompt_p1to0,idea,8.627738344823574e-05
xprompt_p1to0,children,-0.0006559210376943209
xprompt_p1to0,people,-0.0006468772734593342
xprompt_p1to0,though,0.0006433051901681761
xprompt_p1to0,relieve,-0.0006023808559281413
xprompt_p1to0,games,0.0005085826812314917
xprompt_p1to0,tho,-0.0004867477726399877
xprompt_p1to0,often,0.0004391853255956386
xprompt_p1to0,two,0.0004259763584591725
xprompt_p1to0,adults,-0.00039340969242838134
xprompt_p1to0,looking,-0.00039043619724417745
xprompt_p1to0,healthier,0.1340981300241849
xprompt_p1to0,exposé,0.12713509317442742
xprompt_p1to0,conditions,0.10901993185634457
xprompt_p1to0,culture,0.10390411880531293
xprompt_p1to0,presents,0.10216477226241648
xprompt_p1to0,directly,0.09859112669580429
xprompt_p1to0,trend,0.0943243196855314
xprompt_p1to0,smog,0.05043237012862839
xprompt_p1to0,reduced,0.013029599686110428
xprompt_p1to0,limiting,0.005541205356122559
xprompt_p1to0,cannot,-0.005257577239811658
xprompt_p1to0,life,0.00014207938482976886
xprompt_p1to0,idesel,-0.0006337465349613016
xprompt_p1to0,automobile,-0.0005756652430566055
xprompt_p1to0,gatorbait,-0.0005216912103924418
xprompt_p1to0,advantages,-0.0005099149688617624
xprompt_p1to0,now,-0.00044623805318997034
xprompt_p1to0,gas,-0.00035895833074795944
xprompt_p1to0,way,-0.0003354660715243113
xprompt_p1to0,rid,-0.0002580303853105036
xprompt_p1to0,get,-0.00025582079507370124
xprompt_p1to0,global,5.931624505090855e-05
xprompt_p1to0,really,-4.083334121354726e-05
xprompt_p1to0,progress,0.0980464440505343
xprompt_p1to0,tremendous,0.0736779041178042
xprompt_p1to0,utilize,0.05123677368547317
xprompt_p1to0,immersive,0.03402598993595574
xprompt_p1to0,animation,0.027467881098394265
xprompt_p1to0,medical,-0.01541749238588496
xprompt_p1to0,cameras,0.014888219265477566
xprompt_p1to0,capture,-0.0015592948005803508
xprompt_p1to0,teen,-0.0007345907905946977
xprompt_p1to0,different,-0.0006097616479474831
xprompt_p1to0,like,-0.0005072590961229417
xprompt_p1to0,people,-0.00037751842066091384
xprompt_p1to0,bank,-0.0003547652135689109
xprompt_p1to0,all,4.0322979969153884e-05
xprompt_p1to0,lack,1.9305297976423045e-05
xprompt_p1to0,taking,0.08630586269952197
xprompt_p1to0,them,0.08462444523116529
xprompt_p1to0,come,0.07416419840573497
xprompt_p1to0,things,0.06398011367473201
xprompt_p1to0,use,0.06243098368962034
xprompt_p1to0,problems,0.058733080550837556
xprompt_p1to0,creative,0.05398513752880782
xprompt_p1to0,enjoy,0.04522321017907362
xprompt_p1to0,successful,0.04477775523392911
xprompt_p1to0,meet,-0.022101082571280607
xprompt_p1to0,next,-0.005478750625885955
xprompt_p1to0,planet,0.004547905320885818
xprompt_p1to0,certain,0.004189158829543031
xprompt_p1to0,new,0.004002045351563225
xprompt_p1to0,spreading,-0.00212050603163093
xprompt_p1to0,reporters,-0.0010756448203407367
xprompt_p1to0,asteroid,-0.0008144830297373025
xprompt_p1to0,know,-0.0007747848878044417
xprompt_p1to0,news,0.0003206368388929682
xprompt_p1to0,implicattions,-0.0004505083203229795
xprompt_p1to0,sold,-0.00032304335812181347
xprompt_p1to0,thoughs,-0.00030694759334387654
xprompt_p1to0,benenificial,-0.00028864468999930586
xprompt_p1to0,pollution,-0.0002489302657024906
xprompt_p1to0,benenifical,-0.00018691301095924906
xprompt_p1to0,around,6.063989599086588e-05
xprompt_p1to0,life,-5.702823747727463e-05
xprompt_p1to0,due,0.10676442645551183
xprompt_p1to0,manipulate,0.09378562038899929
xprompt_p1to0,prevalence,0.08472600507024408
xprompt_p1to0,taking,0.07688102014368879
xprompt_p1to0,against,0.07662033425750714
xprompt_p1to0,awareness,0.049879692466730276
xprompt_p1to0,among,0.03222989848542172
xprompt_p1to0,increasing,-0.025105967379599397
xprompt_p1to0,compared,0.024608106489665875
xprompt_p1to0,bullying,0.01136987565317843
xprompt_p1to0,amounts,0.0698902751077535
xprompt_p1to0,many,0.06584560628922652
xprompt_p1to0,effort,0.06292354377389986
xprompt_p1to0,reasons,0.05709974171914561
xprompt_p1to0,young,-0.029127554628825204
xprompt_p1to0,enough,0.011502567524357972
xprompt_p1to0,social,-0.00290895394671545
xprompt_p1to0,today,0.0021029337021575187
xprompt_p1to0,height,-0.0005347587314810426
xprompt_p1to0,closely,-0.000530681379249309
xprompt_p1to0,live,-0.0004676607552906497
xprompt_p1to0,human,-0.0004531559568050851
xprompt_p1to0,use,-0.00013782642868402357
xprompt_p1to0,isolated,-9.4510788526874e-05
xprompt_p1to0,over,0.10889801406794744
xprompt_p1to0,drawbacks,0.10760978549820448
xprompt_p1to0,ability,0.09967392451707481
xprompt_p1to0,hand,0.021514413556328514
xprompt_p1to0,ultimately,-0.015800681739720587
xprompt_p1to0,ways,0.012968071154802023
xprompt_p1to0,capapble,-0.0012792061918482968
xprompt_p1to0,planet,-0.0008666660570740632
xprompt_p1to0,tempatures,-0.0007245960496953078
xprompt_p1to0,venus,-0.0006561747657982242
xprompt_p1to0,hours,-0.0005703798771630297
xprompt_p1to0,uncapable,-0.0003194582937933789
xprompt_p1to0,closest,0.00013208326490492202
xprompt_p1to0,landing,-3.89647912169918e-05
xprompt_p1to0,percent,-3.714909989867265e-05
xprompt_p1to0,important,0.1345631160626269
xprompt_p1to0,every,0.10644747172696413
xprompt_p1to0,before,0.09799950367126627
xprompt_p1to0,weaknesses,0.09042273753650075
xprompt_p1to0,people,0.078649541925312
xprompt_p1to0,regular,0.030713390740911232
xprompt_p1to0,school,0.020178675393917014
xprompt_p1to0,lifestyle,0.01272915407017514
xprompt_p1to0,grow,0.007196379871967634
xprompt_p1to0,harder,-0.0003872100089954598
xprompt_p1to0,vauban,-0.00035930849395273
xprompt_p1to0,going,-0.00032422482760132706
xprompt_p1to0,take,-0.00031311580556977786
xprompt_p1to0,ways,-0.000283177210318728
xprompt_p1to0,another,-0.00021601879751701833
xprompt_p1to0,major,4.9353946480373e-05
xprompt_p1to0,eviroment,-0.00034349193691610033
xprompt_p1to0,governer,-0.00032066949253061416
xprompt_p1to0,exhaust,-0.00026921935948267286
xprompt_p1to0,choice,-0.00025355629197191414
xprompt_p1to0,breathing,-0.0001820190137266
xprompt_p1to0,down,-0.000179185003929306
xprompt_p1to0,item,-0.00013742306122221744
xprompt_p1to0,impacts,-8.993530623163155e-05
xprompt_p1to0,regongnize,-0.0005837099994944883
xprompt_p1to0,clock,-0.0004752328310504537
xprompt_p1to0,consent,-0.00041887331341737576
xprompt_p1to0,ways,-0.0003452390420636346
xprompt_p1to0,technology,-0.0003258214826380783
xprompt_p1to0,having,0.00023550271694173974
xprompt_p1to0,hand,3.746986842193888e-05
xprompt_p1to0,think,-2.6022281523942517e-05
xprompt_p1to0,research,0.12051983284359007
xprompt_p1to0,appears,0.11465187617416012
xprompt_p1to0,expression,0.08540458143979388
xprompt_p1to0,closely,0.07490300766688697
xprompt_p1to0,topic,0.06724425619754455
xprompt_p1to0,start,0.05624882484896063
xprompt_p1to0,analyzed,0.018097123548056777
xprompt_p1to0,young,-0.012037407861164744
xprompt_p1to0,feedback,-0.001538270180929051
xprompt_p1to0,cigeratte,-0.00069512179092034
xprompt_p1to0,family,-0.0004845694922013756
xprompt_p1to0,daily,-0.00048217863401445437
xprompt_p1to0,body,-0.00040288995335880273
xprompt_p1to0,die,-0.00027426555637309553
xprompt_p1to0,happen,-0.00022699677823464617
xprompt_p1to0,wasn,-0.00018879158693302375
xprompt_p1to0,see,4.649012418237417e-05
xprompt_p1to0,effect,1.9712643557889478e-05
xprompt_p1to0,horns,6.739724985127401e-06
xprompt_p1to0,lives,0.05837266035523229
xprompt_p1to0,ideas,0.05077348990789961
xprompt_p1to0,response,0.04168381828880455
xprompt_p1to0,method,0.029767918745677052
xprompt_p1to0,upset,0.020012994347150405
xprompt_p1to0,representatio,0.013041292880747114
xprompt_p1to0,argue,0.0015574051707730842
xprompt_p1to0,beauty,-0.0003638140058287564
xprompt_p1to0,patients,0.00015510783593172882
xprompt_p1to0,since,0.10581346709094919
xprompt_p1to0,evoke,0.1041740294879635
xprompt_p1to0,sound,0.1035830092010115
xprompt_p1to0,power,0.09875677011324271
xprompt_p1to0,rhythm,0.08440758049904092
xprompt_p1to0,artists,0.08169810623511849
xprompt_p1to0,social,0.056743650488029235
xprompt_p1to0,major,-0.023859099580634764
xprompt_p1to0,usher,0.01792821243798204
xprompt_p1to0,artist,0.004508473806320872
xprompt_p1to0,footprint,0.11155812393639905
xprompt_p1to0,reused,0.09773360800633801
xprompt_p1to0,divert,0.09705186471762371
xprompt_p1to0,communities,0.09342017650959918
xprompt_p1to0,additionally,0.09040721542067971
xprompt_p1to0,over,0.0776865451310644
xprompt_p1to0,choices,0.060561665452046054
xprompt_p1to0,rather,0.03702590440996679
xprompt_p1to0,small,-0.03585080454899776
xprompt_p1to0,composting,-0.020964674242764304
xprompt_p1to0,distracted,-0.0008172406771094154
xprompt_p1to0,cause,0.0005848375664101079
xprompt_p1to0,unreachable,0.0005708052099874899
xprompt_p1to0,phones,0.0005600313538827333
xprompt_p1to0,fatalities,-0.0002625332397597369
xprompt_p1to0,firstly,0.00018300120054686025
xprompt_p1to0,intend,-0.0001599792695649492
xprompt_p1to0,comptuer,-0.0009085705465152163
xprompt_p1to0,author,-0.0005304410829958265
xprompt_p1to0,valuble,-0.0004760024456162616
xprompt_p1to0,system,-0.0004383506387783257
xprompt_p1to0,learn,-0.0004065251357878929
xprompt_p1to0,animated,0.00035711028366224604
xprompt_p1to0,understand,-0.0003033484318424383
xprompt_p1to0,need,-6.676638302375386e-05
xprompt_p1to0,show,-2.3735912688807112e-05
xprompt_p1to0,remember,0.08367572330875098
xprompt_p1to0,factor,0.08242569574453305
xprompt_p1to0,activities,0.0793432901120503
xprompt_p1to0,themselves,0.07302679501172292
xprompt_p1to0,simpler,0.026044663285600237
xprompt_p1to0,many,-0.0258298758699561
xprompt_p1to0,problems,0.001842293552426566
xprompt_p1to0,emotions,-0.0008042461958514005
xprompt_p1to0,hard,-0.0005304846722157329
xprompt_p1to0,real,-0.0004962695333213001
xprompt_p1to0,different,-0.0003017902922325359
xprompt_p1to0,think,-0.00022755620366900702
xprompt_p1to0,private,6.301332389385104e-05
xprompt_p1to0,happy,-3.271313267826997e-05
xprompt_p1to0,tool,0.09381987310395111
xprompt_p1to0,struggle,0.08162584169361492
xprompt_p1to0,encourages,0.08079193945912923
xprompt_p1to0,within,0.07957260683340152
xprompt_p1to0,way,0.07930103519193911
xprompt_p1to0,resentment,0.0776948678760424
xprompt_p1to0,chain,0.0727017248088241
xprompt_p1to0,behaviour,0.06902325787409005
xprompt_p1to0,them,0.055478354876433024
xprompt_p1to0,mimic,-0.017551065033529836
xprompt_p1to0,family,0.0643810388179999
xprompt_p1to0,lifestyle,0.06136064441068224
xprompt_p1to0,control,0.060905418023836894
xprompt_p1to0,worry,0.05977409899961231
xprompt_p1to0,enjoy,0.055578737599275514
xprompt_p1to0,allows,0.0551407144025198
xprompt_p1to0,situation,0.05164280109735631
xprompt_p1to0,positive,-0.003701616176836316
xprompt_p1to0,carefree,-0.00041189604865627327
xprompt_p1to0,aliens,-0.00028479774716718656
xprompt_p1to0,nature,-0.00026008940098294186
xprompt_p1to0,human,-0.00025522498357181966
xprompt_p1to0,photo,-0.00024486976238189214
xprompt_p1to0,becuase,-0.00023024638264134388
xprompt_p1to0,american,-0.00021540898296681335
xprompt_p1to0,newest,-1.1356467686392852e-06
xprompt_p1to0,transport,0.09538143999878833
xprompt_p1to0,sharing,0.08881005552119836
xprompt_p1to0,years,0.0859397264085754
xprompt_p1to0,increase,0.08089428417449325
xprompt_p1to0,increasing,0.06970301190413354
xprompt_p1to0,prevalent,0.068967308443236
xprompt_p1to0,two,0.029362695178823565
xprompt_p1to0,shared,-0.015208673463686366
xprompt_p1to0,see,0.00438467776834922
xprompt_p1to0,centers,0.10507555783662356
xprompt_p1to0,gasoline,0.10120005558046716
xprompt_p1to0,fuels,0.09264857968498937
xprompt_p1to0,alike,0.09023466006271186
xprompt_p1to0,via,0.08225770772980422
xprompt_p1to0,about,0.008988794806027623
xprompt_p1to0,single,-0.00898233671825968
