model,hf_id,fold,held_out_topic,seed,n_train,n_val,n_test,best_val_accuracy,max_len,lr,batch_size,epochs,accuracy,precision,recall,f1,roc_auc,fpr,fnr,tn,fp,fn,tp
deberta-v3,microsoft/deberta-v3-small,0,Distance learning,42,23966,4230,4314,0.9959810874704492,256,2e-05,8,3,0.9879462216040797,0.9888527635856944,0.9870190078813167,0.9879350348027842,0.9984699039192512,0.011126564673157162,0.012980992118683357,2133,24,28,2129
deberta-v3,microsoft/deberta-v3-small,1,Car-free cities,42,26252,4632,4102,0.9967616580310881,256,2e-05,8,3,0.9960994636762555,0.9936923823386705,0.9985372988785958,0.9961089494163424,0.9998915989417584,0.006338371526084837,0.0014627011214041932,2038,13,3,2048
deberta-v3,microsoft/deberta-v3-small,2,Does the electoral college work?,42,26814,4732,3440,0.9972527472527473,256,2e-05,8,3,0.9947674418604651,0.9902073732718893,0.9994186046511628,0.9947916666666666,0.9999844510546242,0.009883720930232558,0.0005813953488372093,1703,17,1,1719
deberta-v3,microsoft/deberta-v3-small,3,Seeking multiple opinions,42,23578,4160,3104,0.9930288461538461,256,2e-05,8,3,0.9600515463917526,0.9327272727272727,0.9916237113402062,0.9612742036227357,0.9968431156339673,0.07152061855670103,0.008376288659793814,1441,111,13,1539
deberta-v3,microsoft/deberta-v3-small,4,Mandatory extracurricular activities,42,27348,4826,2812,0.9948197264815583,256,2e-05,8,3,0.9836415362731152,0.9735376044568245,0.9943100995732574,0.983814215341309,0.9981859901377758,0.02702702702702703,0.005689900426742532,1368,38,8,1398
deberta-v3,microsoft/deberta-v3-small,5,Summer projects,42,28122,4962,1902,0.9963724304715841,256,2e-05,8,3,0.9779179810725552,0.9642492339121552,0.9926393270241851,0.9782383419689119,0.9980871317037465,0.03680336487907466,0.007360672975814932,916,35,7,944
deberta-v3,microsoft/deberta-v3-small,6,Facial action coding system,42,28180,4974,1834,0.9955770004020909,256,2e-05,8,3,0.9923664122137404,0.995609220636663,0.9890948745910578,0.9923413566739606,0.9996693975066864,0.004362050163576881,0.010905125408942203,913,4,10,907
deberta-v3,microsoft/deberta-v3-small,7,Community service,42,28804,5084,1100,0.996066089693155,256,2e-05,8,3,0.9863636363636363,0.9785330948121646,0.9945454545454545,0.9864743011722272,0.9996595041322315,0.02181818181818182,0.005454545454545455,538,12,3,547
deberta-v3,microsoft/deberta-v3-small,8,"""A Cowboy Who Rode the Waves""",42,28850,5092,1046,0.9970542026708562,256,2e-05,8,3,0.9646271510516252,0.9354838709677419,0.9980879541108987,0.96577243293247,0.9995722574206025,0.06883365200764818,0.0019120458891013384,487,36,1,522
deberta-v3,microsoft/deberta-v3-small,9,Grades for extracurricular activities,42,28906,5102,980,0.9970599764798118,256,2e-05,8,3,0.9918367346938776,0.9918367346938776,0.9918367346938776,0.9918367346938776,0.9993794252394835,0.00816326530612245,0.00816326530612245,486,4,4,486
deberta-v3,microsoft/deberta-v3-small,10,Cell phones at school,42,28952,5110,926,0.9947162426614481,256,2e-05,8,3,0.9946004319654428,0.9935344827586207,0.9956803455723542,0.9946062567421791,0.9997480979059472,0.0064794816414686825,0.004319654427645789,460,3,2,461
deberta-v3,microsoft/deberta-v3-small,11,Phones and driving,42,29034,5124,830,0.9953161592505855,256,2e-05,8,3,0.9867469879518073,0.9832535885167464,0.9903614457831326,0.9867947178871549,0.9997038757439397,0.016867469879518072,0.00963855421686747,408,7,4,411
deberta-v3,microsoft/deberta-v3-small,12,Driverless cars,42,29120,5138,728,0.9970805760996496,256,2e-05,8,3,0.9958791208791209,0.9945205479452055,0.9972527472527473,0.9958847736625515,0.9998792416374834,0.005494505494505495,0.0027472527472527475,362,2,1,363
deberta-v3,microsoft/deberta-v3-small,13,Exploring Venus,42,29206,5154,628,0.9941792782305006,256,2e-05,8,3,0.9347133757961783,0.8845070422535212,1.0,0.9387144992526159,0.9998478640107104,0.1305732484076433,0.0,273,41,0,314
deberta-v3,microsoft/deberta-v3-small,14,The Face on Mars,42,29212,5156,620,0.9965089216446859,256,2e-05,8,3,0.9693548387096774,0.9739413680781759,0.964516129032258,0.9692058346839546,0.9970447450572321,0.025806451612903226,0.035483870967741936,302,8,11,299
roberta,roberta-base,13,Exploring Venus,42,29206,5154,628,0.9978657353511835,256,2e-05,8,3,0.9984076433121019,1.0,0.9968152866242038,0.9984051036682615,0.999989857600714,0.0,0.0031847133757961785,314,0,1,313
roberta,roberta-base,1,Car-free cities,42,26252,4632,4102,0.9995682210708118,256,2e-05,8,3,0.9958556801560214,0.9980411361410382,0.9936616284739151,0.9958465673100415,0.9998963533741373,0.0019502681618722574,0.006338371526084837,2047,4,13,2038
roberta,roberta-base,0,Distance learning,42,23966,4230,4314,0.9921985815602837,256,2e-05,8,3,0.9663885025498378,0.9370112945264987,1.0,0.967481498093743,0.9979994192555682,0.06722299490032453,0.0,2012,145,0,2157
roberta,roberta-base,2,Does the electoral college work?,42,26814,4732,3440,0.9974640743871513,256,2e-05,8,3,0.9005813953488372,0.9992753623188406,0.8017441860465117,0.8896774193548387,0.998540765278529,0.0005813953488372093,0.19825581395348837,1719,1,341,1379
roberta,roberta-base,3,Seeking multiple opinions,42,23578,4160,3104,0.9956730769230769,256,2e-05,8,3,0.9816365979381443,0.966895690193629,0.9974226804123711,0.9819219790675547,0.9996562466787119,0.03414948453608247,0.002577319587628866,1499,53,4,1548
roberta,roberta-base,4,Mandatory extracurricular activities,42,27348,4826,2812,0.9954413593037712,256,2e-05,8,3,0.9811522048364154,0.9636737491432488,1.0,0.981500872600349,0.9967903255505262,0.03769559032716927,0.0,1353,53,0,1406
roberta,roberta-base,5,Summer projects,42,28122,4962,1902,0.9959693671906489,256,2e-05,8,3,0.9721345951629863,0.9535353535353536,0.9926393270241851,0.9726944873776404,0.9976857610727985,0.048370136698212406,0.007360672975814932,905,46,7,944
roberta,roberta-base,6,Facial action coding system,42,28180,4974,1834,0.9985926819461198,256,2e-05,8,3,0.9983642311886587,1.0,0.9967284623773174,0.9983615510649918,0.9999429175551113,0.0,0.003271537622682661,917,0,3,914
roberta,roberta-base,7,Community service,42,28804,5084,1100,0.997639653815893,256,2e-05,8,3,0.9981818181818182,0.9963768115942029,1.0,0.9981851179673321,1.0,0.0036363636363636364,0.0,548,2,0,550
roberta,roberta-base,8,"""A Cowboy Who Rode the Waves""",42,28850,5092,1046,0.9982325216025137,256,2e-05,8,3,0.9847036328871893,0.9738317757009346,0.9961759082217974,0.9848771266540642,0.9996892468440275,0.02676864244741874,0.0038240917782026767,509,14,2,521
roberta,roberta-base,9,Grades for extracurricular activities,42,28906,5102,980,0.9943159545276362,256,2e-05,8,3,0.9908163265306122,1.0,0.9816326530612245,0.9907312049433573,0.9999416909620991,0.0,0.018367346938775512,490,0,9,481
roberta,roberta-base,10,Cell phones at school,42,28952,5110,926,0.9968688845401175,256,2e-05,8,3,0.9935205183585313,0.9935205183585313,0.9935205183585313,0.9935205183585313,0.9998973732209415,0.0064794816414686825,0.0064794816414686825,460,3,3,460
roberta,roberta-base,11,Phones and driving,42,29034,5124,830,0.9982435597189696,256,2e-05,8,3,0.9771084337349397,0.9974874371859297,0.9566265060240964,0.976629766297663,0.9993903324139933,0.0024096385542168677,0.043373493975903614,414,1,18,397
roberta,roberta-base,12,Driverless cars,42,29120,5138,728,0.997275204359673,256,2e-05,8,3,0.9945054945054945,0.9891304347826086,1.0,0.994535519125683,0.9999698104093709,0.01098901098901099,0.0,360,4,0,364
roberta,roberta-base,14,The Face on Mars,42,29212,5156,620,0.9970907680372382,256,2e-05,8,3,0.9935483870967742,0.9903846153846154,0.9967741935483871,0.9935691318327974,0.9999375650364204,0.00967741935483871,0.0032258064516129032,307,3,1,309
